id,answer,correct.answer,prefix.propt,full.len.prefix,prefix.revealed,s1,s2,s3,s4
gold01,s1,s1,1.0,7,7,食べたがっている。,食いたい。,食事をしたがっている。,食べたい。
gold01,s1,s1,1.0,7,7,食べたがっている。,食いたい。,食事をしたがっている。,食べたい。
gold01,s1,s1,1.0,7,7,食べたがっている。,食いたい。,食事をしたがっている。,食べたい。
gold01,s1,s1,1.0,7,7,食べたがっている。,食いたい。,食事をしたがっている。,食べたい。
gold01,s1,s1,1.0,7,7,食べたがっている。,食いたい。,食事をしたがっている。,食べたい。
gold01,s1,s1,1.0,7,7,食べたがっている。,食いたい。,食事をしたがっている。,食べたい。
gold01,s1,s1,1.0,7,7,食べたがっている。,食いたい。,食事をしたがっている。,食べたい。
gold01,s1,s1,1.0,7,7,食べたがっている。,食いたい。,食事をしたがっている。,食べたい。
gold01,s1,s1,1.0,7,7,食べたがっている。,食いたい。,食事をしたがっている。,食べたい。
gold02,s3,s3,1.0,5,5,あげた。,贈った。,いただいた。,あげられた。
gold02,s3,s3,1.0,5,5,あげた。,贈った。,いただいた。,あげられた。
gold02,s2,s3,1.0,5,5,あげた。,贈った。,いただいた。,あげられた。
gold02,s3,s3,1.0,5,5,あげた。,贈った。,いただいた。,あげられた。
gold02,s3,s3,1.0,5,5,あげた。,贈った。,いただいた。,あげられた。
gold02,s3,s3,1.0,5,5,あげた。,贈った。,いただいた。,あげられた。
gold02,s3,s3,1.0,5,5,あげた。,贈った。,いただいた。,あげられた。
gold02,s3,s3,1.0,5,5,あげた。,贈った。,いただいた。,あげられた。
gold02,s3,s3,1.0,5,5,あげた。,贈った。,いただいた。,あげられた。
gold02,s3,s3,1.0,5,5,あげた。,贈った。,いただいた。,あげられた。
gold02,s3,s3,1.0,5,5,あげた。,贈った。,いただいた。,あげられた。
gold02,s3,s3,1.0,5,5,あげた。,贈った。,いただいた。,あげられた。
gold03,s4,s3,1.0,10,10,望む。,信じない。,思う。,思わない。
gold03,s3,s3,1.0,10,10,望む。,信じない。,思う。,思わない。
gold03,s3,s3,1.0,10,10,望む。,信じない。,思う。,思わない。
gold03,s3,s3,1.0,10,10,望む。,信じない。,思う。,思わない。
gold03,s3,s3,1.0,10,10,望む。,信じない。,思う。,思わない。
gold03,s3,s3,1.0,10,10,望む。,信じない。,思う。,思わない。
gold03,s3,s3,1.0,10,10,望む。,信じない。,思う。,思わない。
gold03,s3,s3,1.0,10,10,望む。,信じない。,思う。,思わない。
gold04,s3,s3,1.0,5,5,勉強するかもしれない。,会えるかもしれない。,行くかもしれない。,帰るかもしれない。
gold04,s3,s3,1.0,5,5,勉強するかもしれない。,会えるかもしれない。,行くかもしれない。,帰るかもしれない。
gold04,s3,s3,1.0,5,5,勉強するかもしれない。,会えるかもしれない。,行くかもしれない。,帰るかもしれない。
gold04,s3,s3,1.0,5,5,勉強するかもしれない。,会えるかもしれない。,行くかもしれない。,帰るかもしれない。
gold04,s3,s3,1.0,5,5,勉強するかもしれない。,会えるかもしれない。,行くかもしれない。,帰るかもしれない。
gold04,s3,s3,1.0,5,5,勉強するかもしれない。,会えるかもしれない。,行くかもしれない。,帰るかもしれない。
gold04,s3,s3,1.0,5,5,勉強するかもしれない。,会えるかもしれない。,行くかもしれない。,帰るかもしれない。
gold04,s3,s3,1.0,5,5,勉強するかもしれない。,会えるかもしれない。,行くかもしれない。,帰るかもしれない。
gold04,s3,s3,1.0,5,5,勉強するかもしれない。,会えるかもしれない。,行くかもしれない。,帰るかもしれない。
gold04,s3,s3,1.0,5,5,勉強するかもしれない。,会えるかもしれない。,行くかもしれない。,帰るかもしれない。
gold05,s2,s2,1.0,7,7,済んでいる。,通してある。,かけている。,伝えられている。
gold05,s2,s2,1.0,7,7,済んでいる。,通してある。,かけている。,伝えられている。
gold05,s2,s2,1.0,7,7,済んでいる。,通してある。,かけている。,伝えられている。
gold05,s2,s2,1.0,7,7,済んでいる。,通してある。,かけている。,伝えられている。
gold05,s2,s2,1.0,7,7,済んでいる。,通してある。,かけている。,伝えられている。
gold05,s2,s2,1.0,7,7,済んでいる。,通してある。,かけている。,伝えられている。
gold05,s2,s2,1.0,7,7,済んでいる。,通してある。,かけている。,伝えられている。
gold05,s2,s2,1.0,7,7,済んでいる。,通してある。,かけている。,伝えられている。
gold06,s3,s3,1.0,6,6,怒鳴りちらした。,怒鳴れた。,怒鳴られた。,怒鳴り始めた。
gold06,s3,s3,1.0,6,6,怒鳴りちらした。,怒鳴れた。,怒鳴られた。,怒鳴り始めた。
gold06,s3,s3,1.0,6,6,怒鳴りちらした。,怒鳴れた。,怒鳴られた。,怒鳴り始めた。
gold06,s3,s3,1.0,6,6,怒鳴りちらした。,怒鳴れた。,怒鳴られた。,怒鳴り始めた。
gold06,s2,s3,1.0,6,6,怒鳴りちらした。,怒鳴れた。,怒鳴られた。,怒鳴り始めた。
gold06,s3,s3,1.0,6,6,怒鳴りちらした。,怒鳴れた。,怒鳴られた。,怒鳴り始めた。
gold07,s2,s2,1.0,9,9,叱られた。,叱責していた。,責められた。,慰めていた。
gold07,s2,s2,1.0,9,9,叱られた。,叱責していた。,責められた。,慰めていた。
gold07,s2,s2,1.0,9,9,叱られた。,叱責していた。,責められた。,慰めていた。
gold07,s2,s2,1.0,9,9,叱られた。,叱責していた。,責められた。,慰めていた。
gold07,s2,s2,1.0,9,9,叱られた。,叱責していた。,責められた。,慰めていた。
gold07,s2,s2,1.0,9,9,叱られた。,叱責していた。,責められた。,慰めていた。
gold07,s2,s2,1.0,9,9,叱られた。,叱責していた。,責められた。,慰めていた。
gold08,s2,s2,1.0,7,7,書かせた。,書いてもらった。,書いた。,書こうとした。
gold08,s2,s2,1.0,7,7,書かせた。,書いてもらった。,書いた。,書こうとした。
gold08,s2,s2,1.0,7,7,書かせた。,書いてもらった。,書いた。,書こうとした。
gold08,s4,s2,1.0,7,7,書かせた。,書いてもらった。,書いた。,書こうとした。
gold08,s2,s2,1.0,7,7,書かせた。,書いてもらった。,書いた。,書こうとした。
gold08,s2,s2,1.0,7,7,書かせた。,書いてもらった。,書いた。,書こうとした。
gold08,s2,s2,1.0,7,7,書かせた。,書いてもらった。,書いた。,書こうとした。
gold08,s2,s2,1.0,7,7,書かせた。,書いてもらった。,書いた。,書こうとした。
gold08,s2,s2,1.0,7,7,書かせた。,書いてもらった。,書いた。,書こうとした。
gold08,s2,s2,1.0,7,7,書かせた。,書いてもらった。,書いた。,書こうとした。
gold08,s2,s2,1.0,7,7,書かせた。,書いてもらった。,書いた。,書こうとした。
gold09,s2,s2,1.0,6,6,起こった。,なめた。,食べた。,味わった。
gold09,s2,s2,1.0,6,6,起こった。,なめた。,食べた。,味わった。
gold09,s2,s2,1.0,6,6,起こった。,なめた。,食べた。,味わった。
gold09,s2,s2,1.0,6,6,起こった。,なめた。,食べた。,味わった。
gold09,s2,s2,1.0,6,6,起こった。,なめた。,食べた。,味わった。
gold09,s2,s2,1.0,6,6,起こった。,なめた。,食べた。,味わった。
gold09,s2,s2,1.0,6,6,起こった。,なめた。,食べた。,味わった。
gold09,s2,s2,1.0,6,6,起こった。,なめた。,食べた。,味わった。
gold09,s2,s2,1.0,6,6,起こった。,なめた。,食べた。,味わった。
gold10,s3,s3,1.0,7,7,決定できない。,推測できない。,許さない。,しない。
gold10,s3,s3,1.0,7,7,決定できない。,推測できない。,許さない。,しない。
gold10,s3,s3,1.0,7,7,決定できない。,推測できない。,許さない。,しない。
gold10,s3,s3,1.0,7,7,決定できない。,推測できない。,許さない。,しない。
gold10,s3,s3,1.0,7,7,決定できない。,推測できない。,許さない。,しない。
gold10,s3,s3,1.0,7,7,決定できない。,推測できない。,許さない。,しない。
gold10,s3,s3,1.0,7,7,決定できない。,推測できない。,許さない。,しない。
gold10,s3,s3,1.0,7,7,決定できない。,推測できない。,許さない。,しない。
gold10,s3,s3,1.0,7,7,決定できない。,推測できない。,許さない。,しない。
gold10,s3,s3,1.0,7,7,決定できない。,推測できない。,許さない。,しない。
gold10,s3,s3,1.0,7,7,決定できない。,推測できない。,許さない。,しない。
gold11,s3,s3,1.0,6,6,下げていた。,打っていた。,落としていた。,叩いていた。
gold11,s3,s3,1.0,6,6,下げていた。,打っていた。,落としていた。,叩いていた。
gold11,s3,s3,1.0,6,6,下げていた。,打っていた。,落としていた。,叩いていた。
gold11,s3,s3,1.0,6,6,下げていた。,打っていた。,落としていた。,叩いていた。
gold11,s3,s3,1.0,6,6,下げていた。,打っていた。,落としていた。,叩いていた。
gold11,s3,s3,1.0,6,6,下げていた。,打っていた。,落としていた。,叩いていた。
gold11,s3,s3,1.0,6,6,下げていた。,打っていた。,落としていた。,叩いていた。
gold12,s1,s3,1.0,6,6,広げた。,見せた。,切った。,示した。
gold12,s3,s3,1.0,6,6,広げた。,見せた。,切った。,示した。
gold12,s3,s3,1.0,6,6,広げた。,見せた。,切った。,示した。
gold12,s3,s3,1.0,6,6,広げた。,見せた。,切った。,示した。
gold12,s3,s3,1.0,6,6,広げた。,見せた。,切った。,示した。
gold12,s3,s3,1.0,6,6,広げた。,見せた。,切った。,示した。
gold12,s3,s3,1.0,6,6,広げた。,見せた。,切った。,示した。
gold12,s3,s3,1.0,6,6,広げた。,見せた。,切った。,示した。
gold12,s1,s3,1.0,6,6,広げた。,見せた。,切った。,示した。
gold13,s3,s1,1.0,5,5,被っていた。,撫でていた。,抱いた。,化けていた。
gold13,s1,s1,1.0,5,5,被っていた。,撫でていた。,抱いた。,化けていた。
gold13,s1,s1,1.0,5,5,被っていた。,撫でていた。,抱いた。,化けていた。
gold13,s1,s1,1.0,5,5,被っていた。,撫でていた。,抱いた。,化けていた。
gold13,s1,s1,1.0,5,5,被っていた。,撫でていた。,抱いた。,化けていた。
gold13,s1,s1,1.0,5,5,被っていた。,撫でていた。,抱いた。,化けていた。
gold13,s1,s1,1.0,5,5,被っていた。,撫でていた。,抱いた。,化けていた。
gold13,s1,s1,1.0,5,5,被っていた。,撫でていた。,抱いた。,化けていた。
gold13,s1,s1,1.0,5,5,被っていた。,撫でていた。,抱いた。,化けていた。
gold14,s3,s3,1.0,7,7,作る。,曲げる。,戻す。,壊す。
gold14,s3,s3,1.0,7,7,作る。,曲げる。,戻す。,壊す。
gold14,s3,s3,1.0,7,7,作る。,曲げる。,戻す。,壊す。
gold14,s3,s3,1.0,7,7,作る。,曲げる。,戻す。,壊す。
gold14,s3,s3,1.0,7,7,作る。,曲げる。,戻す。,壊す。
gold14,s3,s3,1.0,7,7,作る。,曲げる。,戻す。,壊す。
gold14,s3,s3,1.0,7,7,作る。,曲げる。,戻す。,壊す。
gold14,s3,s3,1.0,7,7,作る。,曲げる。,戻す。,壊す。
gold14,s3,s3,1.0,7,7,作る。,曲げる。,戻す。,壊す。
gold15,s2,s2,1.0,4,4,撫でている。,使っている。,示している。,命令している。
gold15,s2,s2,1.0,4,4,撫でている。,使っている。,示している。,命令している。
gold15,s2,s2,1.0,4,4,撫でている。,使っている。,示している。,命令している。
gold15,s2,s2,1.0,4,4,撫でている。,使っている。,示している。,命令している。
gold15,s2,s2,1.0,4,4,撫でている。,使っている。,示している。,命令している。
gold15,s2,s2,1.0,4,4,撫でている。,使っている。,示している。,命令している。
gold15,s2,s2,1.0,4,4,撫でている。,使っている。,示している。,命令している。
gold15,s2,s2,1.0,4,4,撫でている。,使っている。,示している。,命令している。
gold15,s2,s2,1.0,4,4,撫でている。,使っている。,示している。,命令している。
gold16,s4,s4,1.0,5,5,働きます。,努力します。,起こします。,対応します。
gold16,s4,s4,1.0,5,5,働きます。,努力します。,起こします。,対応します。
gold16,s4,s4,1.0,5,5,働きます。,努力します。,起こします。,対応します。
gold16,s4,s4,1.0,5,5,働きます。,努力します。,起こします。,対応します。
gold16,s4,s4,1.0,5,5,働きます。,努力します。,起こします。,対応します。
gold16,s4,s4,1.0,5,5,働きます。,努力します。,起こします。,対応します。
gold16,s4,s4,1.0,5,5,働きます。,努力します。,起こします。,対応します。
gold17,s1,s1,1.0,8,8,分かつ。,離れる。,裂く。,放す。
gold17,s3,s1,1.0,8,8,分かつ。,離れる。,裂く。,放す。
gold17,s3,s1,1.0,8,8,分かつ。,離れる。,裂く。,放す。
gold17,s1,s1,1.0,8,8,分かつ。,離れる。,裂く。,放す。
gold17,s1,s1,1.0,8,8,分かつ。,離れる。,裂く。,放す。
gold17,s3,s1,1.0,8,8,分かつ。,離れる。,裂く。,放す。
gold17,s1,s1,1.0,8,8,分かつ。,離れる。,裂く。,放す。
gold17,s3,s1,1.0,8,8,分かつ。,離れる。,裂く。,放す。
gold17,s1,s1,1.0,8,8,分かつ。,離れる。,裂く。,放す。
gold17,s3,s1,1.0,8,8,分かつ。,離れる。,裂く。,放す。
gold18,s1,s1,1.0,5,5,荒れる。,すさむ。,割れる。,そがれる。
gold18,s1,s1,1.0,5,5,荒れる。,すさむ。,割れる。,そがれる。
gold18,s1,s1,1.0,5,5,荒れる。,すさむ。,割れる。,そがれる。
gold18,s1,s1,1.0,5,5,荒れる。,すさむ。,割れる。,そがれる。
gold18,s1,s1,1.0,5,5,荒れる。,すさむ。,割れる。,そがれる。
gold18,s1,s1,1.0,5,5,荒れる。,すさむ。,割れる。,そがれる。
gold19,s2,s2,1.0,12,12,消そうとした。,消された。,消した。,消させた。
gold19,s2,s2,1.0,12,12,消そうとした。,消された。,消した。,消させた。
gold19,s2,s2,1.0,12,12,消そうとした。,消された。,消した。,消させた。
gold19,s2,s2,1.0,12,12,消そうとした。,消された。,消した。,消させた。
gold19,s2,s2,1.0,12,12,消そうとした。,消された。,消した。,消させた。
gold19,s2,s2,1.0,12,12,消そうとした。,消された。,消した。,消させた。
gold19,s2,s2,1.0,12,12,消そうとした。,消された。,消した。,消させた。
gold19,s2,s2,1.0,12,12,消そうとした。,消された。,消した。,消させた。
gold20,s2,s2,1.0,8,8,喜ばしい。,嬉しそうだ。,楽しんだ。,幸せにした。
gold20,s2,s2,1.0,8,8,喜ばしい。,嬉しそうだ。,楽しんだ。,幸せにした。
gold20,s2,s2,1.0,8,8,喜ばしい。,嬉しそうだ。,楽しんだ。,幸せにした。
gold20,s2,s2,1.0,8,8,喜ばしい。,嬉しそうだ。,楽しんだ。,幸せにした。
gold20,s2,s2,1.0,8,8,喜ばしい。,嬉しそうだ。,楽しんだ。,幸せにした。
gold20,s2,s2,1.0,8,8,喜ばしい。,嬉しそうだ。,楽しんだ。,幸せにした。
gold20,s2,s2,1.0,8,8,喜ばしい。,嬉しそうだ。,楽しんだ。,幸せにした。
gold20,s2,s2,1.0,8,8,喜ばしい。,嬉しそうだ。,楽しんだ。,幸せにした。
gold20,s2,s2,1.0,8,8,喜ばしい。,嬉しそうだ。,楽しんだ。,幸せにした。
gold20,s2,s2,1.0,8,8,喜ばしい。,嬉しそうだ。,楽しんだ。,幸せにした。
gold20,s2,s2,1.0,8,8,喜ばしい。,嬉しそうだ。,楽しんだ。,幸せにした。
gold20,s2,s2,1.0,8,8,喜ばしい。,嬉しそうだ。,楽しんだ。,幸せにした。
test01,s4,s1,0.17,12,2,いう。,あった。,なる。,見られる。
test01,s2,s1,0.17,12,2,いう。,あった。,なる。,見られる。
test01,s4,s1,0.17,12,2,いう。,あった。,なる。,見られる。
test01,s1,s1,0.17,12,2,いう。,あった。,なる。,見られる。
test01,s2,s1,0.17,12,2,いう。,あった。,なる。,見られる。
test02,s4,s2,0.30,10,3,評価されるようになった。,許した。,訛った。,設置した。
test02,s4,s2,0.30,10,3,評価されるようになった。,許した。,訛った。,設置した。
test02,s4,s2,0.30,10,3,評価されるようになった。,許した。,訛った。,設置した。
test02,s4,s2,0.30,10,3,評価されるようになった。,許した。,訛った。,設置した。
test02,s4,s2,0.30,10,3,評価されるようになった。,許した。,訛った。,設置した。
test03,s3,s3,0.50,12,6,見られる。,いう。,ある。,なる。
test03,s1,s3,0.50,12,6,見られる。,いう。,ある。,なる。
test03,s3,s3,0.50,12,6,見られる。,いう。,ある。,なる。
test03,s1,s3,0.50,12,6,見られる。,いう。,ある。,なる。
test03,s3,s3,0.50,12,6,見られる。,いう。,ある。,なる。
test04,s4,s4,1.00,8,8,集中している。,高いとされている。,露出している。,題されている。
test04,s4,s4,1.00,8,8,集中している。,高いとされている。,露出している。,題されている。
test04,s4,s4,1.00,8,8,集中している。,高いとされている。,露出している。,題されている。
test04,s4,s4,1.00,8,8,集中している。,高いとされている。,露出している。,題されている。
test04,s4,s4,1.00,8,8,集中している。,高いとされている。,露出している。,題されている。
test05,s1,s4,0.23,13,3,いわれている。,呼ばれる。,見られる。,される。
test05,s1,s4,0.23,13,3,いわれている。,呼ばれる。,見られる。,される。
test05,s3,s4,0.23,13,3,いわれている。,呼ばれる。,見られる。,される。
test05,s4,s4,0.23,13,3,いわれている。,呼ばれる。,見られる。,される。
test05,s1,s4,0.23,13,3,いわれている。,呼ばれる。,見られる。,される。
test06,s1,s1,0.89,9,8,存続していた。,学んだ。,始まる。,存在する。
test06,s1,s1,0.89,9,8,存続していた。,学んだ。,始まる。,存在する。
test06,s1,s1,0.89,9,8,存続していた。,学んだ。,始まる。,存在する。
test06,s1,s1,0.89,9,8,存続していた。,学んだ。,始まる。,存在する。
test06,s1,s1,0.89,9,8,存続していた。,学んだ。,始まる。,存在する。
test07,s1,s1,0.46,13,6,励んだ。,創刊される。,加えられている。,勤める。
test07,s1,s1,0.46,13,6,励んだ。,創刊される。,加えられている。,勤める。
test07,s4,s1,0.46,13,6,励んだ。,創刊される。,加えられている。,勤める。
test07,s1,s1,0.46,13,6,励んだ。,創刊される。,加えられている。,勤める。
test07,s1,s1,0.46,13,6,励んだ。,創刊される。,加えられている。,勤める。
test08,s2,s1,0.40,5,2,見られる。,あった。,なっている。,いわれている。
test08,s2,s1,0.40,5,2,見られる。,あった。,なっている。,いわれている。
test08,s1,s1,0.40,5,2,見られる。,あった。,なっている。,いわれている。
test08,s1,s1,0.40,5,2,見られる。,あった。,なっている。,いわれている。
test08,s1,s1,0.40,5,2,見られる。,あった。,なっている。,いわれている。
test09,s1,s1,0.88,8,7,なった。,見られる。,いう。,あった。
test09,s2,s1,0.88,8,7,なった。,見られる。,いう。,あった。
test09,s1,s1,0.88,8,7,なった。,見られる。,いう。,あった。
test09,s2,s1,0.88,8,7,なった。,見られる。,いう。,あった。
test09,s2,s1,0.88,8,7,なった。,見られる。,いう。,あった。
test10,s1,s3,0.44,9,4,いう。,見られる。,なっている。,あった。
test10,s1,s3,0.44,9,4,いう。,見られる。,なっている。,あった。
test10,s1,s3,0.44,9,4,いう。,見られる。,なっている。,あった。
test10,s1,s3,0.44,9,4,いう。,見られる。,なっている。,あった。
test10,s1,s3,0.44,9,4,いう。,見られる。,なっている。,あった。
test11,s4,s4,1.00,11,11,推測されている。,推定されている。,改めた。,描いている。
test11,s4,s4,1.00,11,11,推測されている。,推定されている。,改めた。,描いている。
test11,s4,s4,1.00,11,11,推測されている。,推定されている。,改めた。,描いている。
test11,s4,s4,1.00,11,11,推測されている。,推定されている。,改めた。,描いている。
test11,s4,s4,1.00,11,11,推測されている。,推定されている。,改めた。,描いている。
test12,s3,s1,0.90,10,9,収める。,厳しくなる。,収録されている。,勤める。
test12,s3,s1,0.90,10,9,収める。,厳しくなる。,収録されている。,勤める。
test12,s3,s1,0.90,10,9,収める。,厳しくなる。,収録されている。,勤める。
test12,s3,s1,0.90,10,9,収める。,厳しくなる。,収録されている。,勤める。
test12,s3,s1,0.90,10,9,収める。,厳しくなる。,収録されている。,勤める。
test13,s2,s2,0.30,10,3,視された。,親しまれている。,触れている。,見る。
test13,s2,s2,0.30,10,3,視された。,親しまれている。,触れている。,見る。
test13,s2,s2,0.30,10,3,視された。,親しまれている。,触れている。,見る。
test13,s1,s2,0.30,10,3,視された。,親しまれている。,触れている。,見る。
test13,s2,s2,0.30,10,3,視された。,親しまれている。,触れている。,見る。
test14,s2,s2,0.14,7,1,なっていった。,みられる。,もたらした。,ねじる。
test14,s3,s2,0.14,7,1,なっていった。,みられる。,もたらした。,ねじる。
test14,s3,s2,0.14,7,1,なっていった。,みられる。,もたらした。,ねじる。
test14,s3,s2,0.14,7,1,なっていった。,みられる。,もたらした。,ねじる。
test14,s2,s2,0.14,7,1,なっていった。,みられる。,もたらした。,ねじる。
test15,s3,s1,0.50,8,4,なしている。,ついた。,なっていった。,できる。
test15,s3,s1,0.50,8,4,なしている。,ついた。,なっていった。,できる。
test15,s3,s1,0.50,8,4,なしている。,ついた。,なっていった。,できる。
test15,s1,s1,0.50,8,4,なしている。,ついた。,なっていった。,できる。
test15,s3,s1,0.50,8,4,なしている。,ついた。,なっていった。,できる。
test16,s3,s3,0.38,8,3,されている。,たどり着かない。,することもある。,さす。
test16,s1,s3,0.38,8,3,されている。,たどり着かない。,することもある。,さす。
test16,s1,s3,0.38,8,3,されている。,たどり着かない。,することもある。,さす。
test16,s1,s3,0.38,8,3,されている。,たどり着かない。,することもある。,さす。
test16,s1,s3,0.38,8,3,されている。,たどり着かない。,することもある。,さす。
test17,s4,s1,0.44,9,4,する。,行われる。,いわれる。,伝わっている。
test17,s4,s1,0.44,9,4,する。,行われる。,いわれる。,伝わっている。
test17,s2,s1,0.44,9,4,する。,行われる。,いわれる。,伝わっている。
test17,s4,s1,0.44,9,4,する。,行われる。,いわれる。,伝わっている。
test17,s3,s1,0.44,9,4,する。,行われる。,いわれる。,伝わっている。
test18,s3,s3,0.67,3,2,立つ。,移された。,移築されることもあった。,称した。
test18,s3,s3,0.67,3,2,立つ。,移された。,移築されることもあった。,称した。
test18,s2,s3,0.67,3,2,立つ。,移された。,移築されることもあった。,称した。
test18,s3,s3,0.67,3,2,立つ。,移された。,移築されることもあった。,称した。
test18,s2,s3,0.67,3,2,立つ。,移された。,移築されることもあった。,称した。
test19,s2,s3,0.17,6,1,改めた。,整備されていった。,数えた。,描かれる。
test19,s1,s3,0.17,6,1,改めた。,整備されていった。,数えた。,描かれる。
test19,s1,s3,0.17,6,1,改めた。,整備されていった。,数えた。,描かれる。
test19,s2,s3,0.17,6,1,改めた。,整備されていった。,数えた。,描かれる。
test19,s2,s3,0.17,6,1,改めた。,整備されていった。,数えた。,描かれる。
test20,s2,s4,0.18,11,2,求められるようになる。,機能した。,死去していた。,残している。
test20,s2,s4,0.18,11,2,求められるようになる。,機能した。,死去していた。,残している。
test20,s2,s4,0.18,11,2,求められるようになる。,機能した。,死去していた。,残している。
test20,s4,s4,0.18,11,2,求められるようになる。,機能した。,死去していた。,残している。
test20,s3,s4,0.18,11,2,求められるようになる。,機能した。,死去していた。,残している。
test21,s2,s4,0.92,13,12,位置づけられた。,使う。,供える。,使用される。
test21,s3,s4,0.92,13,12,位置づけられた。,使う。,供える。,使用される。
test21,s4,s4,0.92,13,12,位置づけられた。,使う。,供える。,使用される。
test21,s3,s4,0.92,13,12,位置づけられた。,使う。,供える。,使用される。
test21,s2,s4,0.92,13,12,位置づけられた。,使う。,供える。,使用される。
test22,s4,s2,0.14,7,1,見られる。,なる。,あった。,いう。
test22,s1,s2,0.14,7,1,見られる。,なる。,あった。,いう。
test22,s1,s2,0.14,7,1,見られる。,なる。,あった。,いう。
test22,s1,s2,0.14,7,1,見られる。,なる。,あった。,いう。
test22,s2,s2,0.14,7,1,見られる。,なる。,あった。,いう。
test23,s1,s4,0.67,3,2,いう。,なる。,見られる。,ある。
test23,s1,s4,0.67,3,2,いう。,なる。,見られる。,ある。
test23,s1,s4,0.67,3,2,いう。,なる。,見られる。,ある。
test23,s1,s4,0.67,3,2,いう。,なる。,見られる。,ある。
test23,s1,s4,0.67,3,2,いう。,なる。,見られる。,ある。
test24,s2,s2,0.90,10,9,設置した。,訛った。,記される。,言える。
test24,s2,s2,0.90,10,9,設置した。,訛った。,記される。,言える。
test24,s2,s2,0.90,10,9,設置した。,訛った。,記される。,言える。
test24,s2,s2,0.90,10,9,設置した。,訛った。,記される。,言える。
test24,s2,s2,0.90,10,9,設置した。,訛った。,記される。,言える。
test25,s4,s3,0.67,3,2,禁じられている。,祀られている。,称された。,移された。
test25,s2,s3,0.67,3,2,禁じられている。,祀られている。,称された。,移された。
test25,s2,s3,0.67,3,2,禁じられている。,祀られている。,称された。,移された。
test25,s2,s3,0.67,3,2,禁じられている。,祀られている。,称された。,移された。
test25,s2,s3,0.67,3,2,禁じられている。,祀られている。,称された。,移された。
test26,s2,s3,1.00,3,3,いう。,見られる。,ある。,なる。
test26,s3,s3,1.00,3,3,いう。,見られる。,ある。,なる。
test26,s2,s3,1.00,3,3,いう。,見られる。,ある。,なる。
test26,s3,s3,1.00,3,3,いう。,見られる。,ある。,なる。
test26,s3,s3,1.00,3,3,いう。,見られる。,ある。,なる。
test27,s3,s2,0.20,10,2,生まれた。,見ることができる。,言われている。,歴任した。
test27,s2,s2,0.20,10,2,生まれた。,見ることができる。,言われている。,歴任した。
test27,s2,s2,0.20,10,2,生まれた。,見ることができる。,言われている。,歴任した。
test27,s3,s2,0.20,10,2,生まれた。,見ることができる。,言われている。,歴任した。
test27,s2,s2,0.20,10,2,生まれた。,見ることができる。,言われている。,歴任した。
test28,s4,s2,0.60,5,3,配置する。,鑑賞できる。,開かれた。,配置した。
test28,s4,s2,0.60,5,3,配置する。,鑑賞できる。,開かれた。,配置した。
test28,s4,s2,0.60,5,3,配置する。,鑑賞できる。,開かれた。,配置した。
test28,s2,s2,0.60,5,3,配置する。,鑑賞できる。,開かれた。,配置した。
test28,s1,s2,0.60,5,3,配置する。,鑑賞できる。,開かれた。,配置した。
test29,s4,s4,0.60,10,6,混在した。,波及していった。,活用されている。,消失した。
test29,s1,s4,0.60,10,6,混在した。,波及していった。,活用されている。,消失した。
test29,s4,s4,0.60,10,6,混在した。,波及していった。,活用されている。,消失した。
test29,s4,s4,0.60,10,6,混在した。,波及していった。,活用されている。,消失した。
test29,s4,s4,0.60,10,6,混在した。,波及していった。,活用されている。,消失した。
test30,s4,s4,0.38,8,3,更迭されていた。,死去していた。,栽培される。,機能した。
test30,s4,s4,0.38,8,3,更迭されていた。,死去していた。,栽培される。,機能した。
test30,s4,s4,0.38,8,3,更迭されていた。,死去していた。,栽培される。,機能した。
test30,s4,s4,0.38,8,3,更迭されていた。,死去していた。,栽培される。,機能した。
test30,s4,s4,0.38,8,3,更迭されていた。,死去していた。,栽培される。,機能した。
test31,s4,s4,0.30,10,3,いう。,見られる。,あった。,なった。
test31,s4,s4,0.30,10,3,いう。,見られる。,あった。,なった。
test31,s2,s4,0.30,10,3,いう。,見られる。,あった。,なった。
test31,s4,s4,0.30,10,3,いう。,見られる。,あった。,なった。
test31,s2,s4,0.30,10,3,いう。,見られる。,あった。,なった。
test32,s3,s3,1.00,10,10,知られている。,皮肉られた。,盛る。,登場している。
test32,s1,s3,1.00,10,10,知られている。,皮肉られた。,盛る。,登場している。
test32,s3,s3,1.00,10,10,知られている。,皮肉られた。,盛る。,登場している。
test32,s1,s3,1.00,10,10,知られている。,皮肉られた。,盛る。,登場している。
test32,s3,s3,1.00,10,10,知られている。,皮肉られた。,盛る。,登場している。
test33,s4,s4,1.00,8,8,呼ぶ。,いわれる。,称される。,行う。
test33,s4,s4,1.00,8,8,呼ぶ。,いわれる。,称される。,行う。
test33,s4,s4,1.00,8,8,呼ぶ。,いわれる。,称される。,行う。
test33,s4,s4,1.00,8,8,呼ぶ。,いわれる。,称される。,行う。
test33,s4,s4,1.00,8,8,呼ぶ。,いわれる。,称される。,行う。
test34,s3,s3,0.30,10,3,題されている。,集中させる。,露出している。,開催されている。
test34,s3,s3,0.30,10,3,題されている。,集中させる。,露出している。,開催されている。
test34,s3,s3,0.30,10,3,題されている。,集中させる。,露出している。,開催されている。
test34,s3,s3,0.30,10,3,題されている。,集中させる。,露出している。,開催されている。
test34,s3,s3,0.30,10,3,題されている。,集中させる。,露出している。,開催されている。
test35,s2,s2,0.91,11,10,定着した。,就かせていただきます。,寄せている。,就任した。
test35,s2,s2,0.91,11,10,定着した。,就かせていただきます。,寄せている。,就任した。
test35,s4,s2,0.91,11,10,定着した。,就かせていただきます。,寄せている。,就任した。
test35,s2,s2,0.91,11,10,定着した。,就かせていただきます。,寄せている。,就任した。
test35,s4,s2,0.91,11,10,定着した。,就かせていただきます。,寄せている。,就任した。
test36,s1,s1,0.33,6,2,呼ぶ。,いわれている。,される。,称される。
test36,s1,s1,0.33,6,2,呼ぶ。,いわれている。,される。,称される。
test36,s4,s1,0.33,6,2,呼ぶ。,いわれている。,される。,称される。
test36,s1,s1,0.33,6,2,呼ぶ。,いわれている。,される。,称される。
test36,s3,s1,0.33,6,2,呼ぶ。,いわれている。,される。,称される。
test37,s2,s2,1.00,4,4,存続していた。,存在する。,始まる。,好んだ。
test37,s2,s2,1.00,4,4,存続していた。,存在する。,始まる。,好んだ。
test37,s1,s2,1.00,4,4,存続していた。,存在する。,始まる。,好んだ。
test37,s1,s2,1.00,4,4,存続していた。,存在する。,始まる。,好んだ。
test37,s2,s2,1.00,4,4,存続していた。,存在する。,始まる。,好んだ。
test38,s4,s4,0.42,12,5,される。,称される。,いわれている。,呼ぶ。
test38,s4,s4,0.42,12,5,される。,称される。,いわれている。,呼ぶ。
test38,s1,s4,0.42,12,5,される。,称される。,いわれている。,呼ぶ。
test38,s4,s4,0.42,12,5,される。,称される。,いわれている。,呼ぶ。
test38,s1,s4,0.42,12,5,される。,称される。,いわれている。,呼ぶ。
test39,s1,s1,0.56,9,5,回復する。,囲んでいる。,呼んでいる。,呼称される。
test39,s4,s1,0.56,9,5,回復する。,囲んでいる。,呼んでいる。,呼称される。
test39,s4,s1,0.56,9,5,回復する。,囲んでいる。,呼んでいる。,呼称される。
test39,s4,s1,0.56,9,5,回復する。,囲んでいる。,呼んでいる。,呼称される。
test39,s4,s1,0.56,9,5,回復する。,囲んでいる。,呼んでいる。,呼称される。
test40,s2,s2,0.25,4,1,親しまれている。,言う。,触れている。,記されている。
test40,s1,s2,0.25,4,1,親しまれている。,言う。,触れている。,記されている。
test40,s2,s2,0.25,4,1,親しまれている。,言う。,触れている。,記されている。
test40,s1,s2,0.25,4,1,親しまれている。,言う。,触れている。,記されている。
test40,s2,s2,0.25,4,1,親しまれている。,言う。,触れている。,記されている。
test41,s3,s3,0.33,3,1,表す。,至った。,行うこととされている。,考慮されている。
test41,s3,s3,0.33,3,1,表す。,至った。,行うこととされている。,考慮されている。
test41,s3,s3,0.33,3,1,表す。,至った。,行うこととされている。,考慮されている。
test41,s3,s3,0.33,3,1,表す。,至った。,行うこととされている。,考慮されている。
test41,s3,s3,0.33,3,1,表す。,至った。,行うこととされている。,考慮されている。
test42,s2,s3,0.15,13,2,整備されていった。,描かれる。,数えている。,改めた。
test42,s4,s3,0.15,13,2,整備されていった。,描かれる。,数えている。,改めた。
test42,s3,s3,0.15,13,2,整備されていった。,描かれる。,数えている。,改めた。
test42,s3,s3,0.15,13,2,整備されていった。,描かれる。,数えている。,改めた。
test42,s3,s3,0.15,13,2,整備されていった。,描かれる。,数えている。,改めた。
test43,s2,s2,0.90,10,9,使用される。,使われている。,位置づけられた。,位置する。
test43,s2,s2,0.90,10,9,使用される。,使われている。,位置づけられた。,位置する。
test43,s2,s2,0.90,10,9,使用される。,使われている。,位置づけられた。,位置する。
test43,s2,s2,0.90,10,9,使用される。,使われている。,位置づけられた。,位置する。
test43,s2,s2,0.90,10,9,使用される。,使われている。,位置づけられた。,位置する。
test44,s3,s1,0.15,13,2,得ることになる。,後押しした。,得度した。,彫られる。
test44,s1,s1,0.15,13,2,得ることになる。,後押しした。,得度した。,彫られる。
test44,s1,s1,0.15,13,2,得ることになる。,後押しした。,得度した。,彫られる。
test44,s3,s1,0.15,13,2,得ることになる。,後押しした。,得度した。,彫られる。
test44,s3,s1,0.15,13,2,得ることになる。,後押しした。,得度した。,彫られる。
test45,s1,s1,0.67,3,2,好んだ。,変えられた。,始まったとされている。,増やしていった。
test45,s1,s1,0.67,3,2,好んだ。,変えられた。,始まったとされている。,増やしていった。
test45,s1,s1,0.67,3,2,好んだ。,変えられた。,始まったとされている。,増やしていった。
test45,s1,s1,0.67,3,2,好んだ。,変えられた。,始まったとされている。,増やしていった。
test45,s1,s1,0.67,3,2,好んだ。,変えられた。,始まったとされている。,増やしていった。
test46,s2,s2,1.00,4,4,受けた。,呼ばれていた。,学ぶ。,出土している。
test46,s2,s2,1.00,4,4,受けた。,呼ばれていた。,学ぶ。,出土している。
test46,s2,s2,1.00,4,4,受けた。,呼ばれていた。,学ぶ。,出土している。
test46,s2,s2,1.00,4,4,受けた。,呼ばれていた。,学ぶ。,出土している。
test46,s2,s2,1.00,4,4,受けた。,呼ばれていた。,学ぶ。,出土している。
test47,s3,s4,0.40,10,4,溜めることもできる。,活用されている。,消失した。,混在した。
test47,s4,s4,0.40,10,4,溜めることもできる。,活用されている。,消失した。,混在した。
test47,s4,s4,0.40,10,4,溜めることもできる。,活用されている。,消失した。,混在した。
test47,s4,s4,0.40,10,4,溜めることもできる。,活用されている。,消失した。,混在した。
test47,s4,s4,0.40,10,4,溜めることもできる。,活用されている。,消失した。,混在した。
test48,s2,s1,0.60,10,6,出来た。,処されることになった。,出かける。,出現した。
test48,s1,s1,0.60,10,6,出来た。,処されることになった。,出かける。,出現した。
test48,s1,s1,0.60,10,6,出来た。,処されることになった。,出かける。,出現した。
test48,s1,s1,0.60,10,6,出来た。,処されることになった。,出かける。,出現した。
test48,s3,s1,0.60,10,6,出来た。,処されることになった。,出かける。,出現した。
test49,s4,s3,0.33,12,4,いわれる。,称される。,行われる。,呼ぶ。
test49,s3,s3,0.33,12,4,いわれる。,称される。,行われる。,呼ぶ。
test49,s1,s3,0.33,12,4,いわれる。,称される。,行われる。,呼ぶ。
test49,s3,s3,0.33,12,4,いわれる。,称される。,行われる。,呼ぶ。
test49,s2,s3,0.33,12,4,いわれる。,称される。,行われる。,呼ぶ。
test50,s4,s4,0.89,9,8,さす。,きている。,たどり着かない。,されている。
test50,s4,s4,0.89,9,8,さす。,きている。,たどり着かない。,されている。
test50,s4,s4,0.89,9,8,さす。,きている。,たどり着かない。,されている。
test50,s4,s4,0.89,9,8,さす。,きている。,たどり着かない。,されている。
test50,s4,s4,0.89,9,8,さす。,きている。,たどり着かない。,されている。
test51,s1,s4,0.33,12,4,称される。,行う。,された。,いわれる。
test51,s1,s4,0.33,12,4,称される。,行う。,された。,いわれる。
test51,s1,s4,0.33,12,4,称される。,行う。,された。,いわれる。
test51,s1,s4,0.33,12,4,称される。,行う。,された。,いわれる。
test51,s1,s4,0.33,12,4,称される。,行う。,された。,いわれる。
test52,s1,s1,0.11,9,1,出かける。,凝らされる。,処されることになった。,出来た。
test52,s1,s1,0.11,9,1,出かける。,凝らされる。,処されることになった。,出来た。
test52,s1,s1,0.11,9,1,出かける。,凝らされる。,処されることになった。,出来た。
test52,s1,s1,0.11,9,1,出かける。,凝らされる。,処されることになった。,出来た。
test52,s1,s1,0.11,9,1,出かける。,凝らされる。,処されることになった。,出来た。
test53,s2,s3,0.40,5,2,述べている。,造営された。,造られている。,追いやった。
test53,s2,s3,0.40,5,2,述べている。,造営された。,造られている。,追いやった。
test53,s3,s3,0.40,5,2,述べている。,造営された。,造られている。,追いやった。
test53,s3,s3,0.40,5,2,述べている。,造営された。,造られている。,追いやった。
test53,s3,s3,0.40,5,2,述べている。,造営された。,造られている。,追いやった。
test54,s4,s3,1.00,3,3,受けた。,学ぶ。,呼ばれていた。,出土している。
test54,s3,s3,1.00,3,3,受けた。,学ぶ。,呼ばれていた。,出土している。
test54,s3,s3,1.00,3,3,受けた。,学ぶ。,呼ばれていた。,出土している。
test54,s3,s3,1.00,3,3,受けた。,学ぶ。,呼ばれていた。,出土している。
test54,s3,s3,1.00,3,3,受けた。,学ぶ。,呼ばれていた。,出土している。
test55,s3,s1,0.63,8,5,亡くしたことになる。,乱立した。,並んでいる。,付けられた。
test55,s4,s1,0.63,8,5,亡くしたことになる。,乱立した。,並んでいる。,付けられた。
test55,s4,s1,0.63,8,5,亡くしたことになる。,乱立した。,並んでいる。,付けられた。
test55,s1,s1,0.63,8,5,亡くしたことになる。,乱立した。,並んでいる。,付けられた。
test55,s1,s1,0.63,8,5,亡くしたことになる。,乱立した。,並んでいる。,付けられた。
test56,s2,s2,0.63,8,5,就かせていただきます。,尽力した。,展示している。,就任した。
test56,s4,s2,0.63,8,5,就かせていただきます。,尽力した。,展示している。,就任した。
test56,s2,s2,0.63,8,5,就かせていただきます。,尽力した。,展示している。,就任した。
test56,s4,s2,0.63,8,5,就かせていただきます。,尽力した。,展示している。,就任した。
test56,s2,s2,0.63,8,5,就かせていただきます。,尽力した。,展示している。,就任した。
test57,s1,s3,0.80,5,4,いう。,見られる。,ある。,なる。
test57,s1,s3,0.80,5,4,いう。,見られる。,ある。,なる。
test57,s1,s3,0.80,5,4,いう。,見られる。,ある。,なる。
test57,s1,s3,0.80,5,4,いう。,見られる。,ある。,なる。
test57,s1,s3,0.80,5,4,いう。,見られる。,ある。,なる。
test58,s1,s3,0.50,2,1,いう。,見られる。,ある。,なる。
test58,s4,s3,0.50,2,1,いう。,見られる。,ある。,なる。
test58,s2,s3,0.50,2,1,いう。,見られる。,ある。,なる。
test58,s4,s3,0.50,2,1,いう。,見られる。,ある。,なる。
test58,s2,s3,0.50,2,1,いう。,見られる。,ある。,なる。
test59,s1,s1,1.00,9,9,増やしていった。,囲んでいる。,変えられた。,回復する。
test59,s1,s1,1.00,9,9,増やしていった。,囲んでいる。,変えられた。,回復する。
test59,s1,s1,1.00,9,9,増やしていった。,囲んでいる。,変えられた。,回復する。
test59,s1,s1,1.00,9,9,増やしていった。,囲んでいる。,変えられた。,回復する。
test59,s1,s1,1.00,9,9,増やしていった。,囲んでいる。,変えられた。,回復する。
test60,s1,s1,0.36,11,4,纏う。,編纂された。,置いた。,続ける。
test60,s1,s1,0.36,11,4,纏う。,編纂された。,置いた。,続ける。
test60,s2,s1,0.36,11,4,纏う。,編纂された。,置いた。,続ける。
test60,s1,s1,0.36,11,4,纏う。,編纂された。,置いた。,続ける。
test60,s1,s1,0.36,11,4,纏う。,編纂された。,置いた。,続ける。
test61,s1,s1,1.00,12,12,行っている。,表す。,考慮されている。,至った。
test61,s1,s1,1.00,12,12,行っている。,表す。,考慮されている。,至った。
test61,s1,s1,1.00,12,12,行っている。,表す。,考慮されている。,至った。
test61,s1,s1,1.00,12,12,行っている。,表す。,考慮されている。,至った。
test61,s1,s1,1.00,12,12,行っている。,表す。,考慮されている。,至った。
test62,s4,s4,1.00,3,3,なる。,見られる。,あった。,いう。
test62,s4,s4,1.00,3,3,なる。,見られる。,あった。,いう。
test62,s4,s4,1.00,3,3,なる。,見られる。,あった。,いう。
test62,s4,s4,1.00,3,3,なる。,見られる。,あった。,いう。
test62,s2,s4,1.00,3,3,なる。,見られる。,あった。,いう。
test63,s1,s1,0.70,10,7,増えた。,変えられた。,回復する。,囲んでいる。
test63,s2,s1,0.70,10,7,増えた。,変えられた。,回復する。,囲んでいる。
test63,s2,s1,0.70,10,7,増えた。,変えられた。,回復する。,囲んでいる。
test63,s2,s1,0.70,10,7,増えた。,変えられた。,回復する。,囲んでいる。
test63,s1,s1,0.70,10,7,増えた。,変えられた。,回復する。,囲んでいる。
test64,s4,s4,0.86,7,6,戻った。,感得した。,感じる。,成る。
test64,s4,s4,0.86,7,6,戻った。,感得した。,感じる。,成る。
test64,s4,s4,0.86,7,6,戻った。,感得した。,感じる。,成る。
test64,s4,s4,0.86,7,6,戻った。,感得した。,感じる。,成る。
test64,s4,s4,0.86,7,6,戻った。,感得した。,感じる。,成る。
test65,s3,s2,0.15,13,2,なる。,あった。,見られる。,いう。
test65,s2,s2,0.15,13,2,なる。,あった。,見られる。,いう。
test65,s2,s2,0.15,13,2,なる。,あった。,見られる。,いう。
test65,s2,s2,0.15,13,2,なる。,あった。,見られる。,いう。
test65,s2,s2,0.15,13,2,なる。,あった。,見られる。,いう。
test66,s3,s2,1.00,8,8,述べている。,造られた。,造営された。,追いやった。
test66,s2,s2,1.00,8,8,述べている。,造られた。,造営された。,追いやった。
test66,s3,s2,1.00,8,8,述べている。,造られた。,造営された。,追いやった。
test66,s3,s2,1.00,8,8,述べている。,造られた。,造営された。,追いやった。
test66,s2,s2,1.00,8,8,述べている。,造られた。,造営された。,追いやった。
test67,s2,s2,0.45,11,5,機能していた。,歴任した。,生まれた。,持っていた。
test67,s2,s2,0.45,11,5,機能していた。,歴任した。,生まれた。,持っていた。
test67,s3,s2,0.45,11,5,機能していた。,歴任した。,生まれた。,持っていた。
test67,s2,s2,0.45,11,5,機能していた。,歴任した。,生まれた。,持っていた。
test67,s2,s2,0.45,11,5,機能していた。,歴任した。,生まれた。,持っていた。
test68,s2,s1,0.33,3,1,衰退しつつある。,見られている。,行われている。,表す。
test68,s1,s1,0.33,3,1,衰退しつつある。,見られている。,行われている。,表す。
test68,s4,s1,0.33,3,1,衰退しつつある。,見られている。,行われている。,表す。
test68,s1,s1,0.33,3,1,衰退しつつある。,見られている。,行われている。,表す。
test68,s4,s1,0.33,3,1,衰退しつつある。,見られている。,行われている。,表す。
test69,s2,s2,0.17,12,2,復元された。,得度した。,得ることになる。,後押しした。
test69,s1,s2,0.17,12,2,復元された。,得度した。,得ることになる。,後押しした。
test69,s1,s2,0.17,12,2,復元された。,得度した。,得ることになる。,後押しした。
test69,s1,s2,0.17,12,2,復元された。,得度した。,得ることになる。,後押しした。
test69,s3,s2,0.17,12,2,復元された。,得度した。,得ることになる。,後押しした。
test70,s1,s3,0.50,8,4,見られる。,なる。,ある。,いう。
test70,s1,s3,0.50,8,4,見られる。,なる。,ある。,いう。
test70,s3,s3,0.50,8,4,見られる。,なる。,ある。,いう。
test70,s1,s3,0.50,8,4,見られる。,なる。,ある。,いう。
test70,s1,s3,0.50,8,4,見られる。,なる。,ある。,いう。
test71,s4,s2,0.50,12,6,あった。,いう。,見られる。,なった。
test71,s4,s2,0.50,12,6,あった。,いう。,見られる。,なった。
test71,s4,s2,0.50,12,6,あった。,いう。,見られる。,なった。
test71,s1,s2,0.50,12,6,あった。,いう。,見られる。,なった。
test71,s1,s2,0.50,12,6,あった。,いう。,見られる。,なった。
test72,s4,s4,0.46,13,6,禁じられている。,称された。,移された。,称した。
test72,s3,s4,0.46,13,6,禁じられている。,称された。,移された。,称した。
test72,s3,s4,0.46,13,6,禁じられている。,称された。,移された。,称した。
test72,s3,s4,0.46,13,6,禁じられている。,称された。,移された。,称した。
test72,s3,s4,0.46,13,6,禁じられている。,称された。,移された。,称した。
test73,s2,s2,0.80,5,4,される。,称される。,呼ぶ。,行う。
test73,s2,s2,0.80,5,4,される。,称される。,呼ぶ。,行う。
test73,s2,s2,0.80,5,4,される。,称される。,呼ぶ。,行う。
test73,s2,s2,0.80,5,4,される。,称される。,呼ぶ。,行う。
test73,s2,s2,0.80,5,4,される。,称される。,呼ぶ。,行う。
test74,s4,s2,0.50,4,2,呼んでいる。,呼称される。,回復する。,含める。
test74,s1,s2,0.50,4,2,呼んでいる。,呼称される。,回復する。,含める。
test74,s1,s2,0.50,4,2,呼んでいる。,呼称される。,回復する。,含める。
test74,s2,s2,0.50,4,2,呼んでいる。,呼称される。,回復する。,含める。
test74,s2,s2,0.50,4,2,呼んでいる。,呼称される。,回復する。,含める。
test75,s3,s4,0.83,12,10,いう。,なる。,見られる。,ある。
test75,s3,s4,0.83,12,10,いう。,なる。,見られる。,ある。
test75,s3,s4,0.83,12,10,いう。,なる。,見られる。,ある。
test75,s3,s4,0.83,12,10,いう。,なる。,見られる。,ある。
test75,s3,s4,0.83,12,10,いう。,なる。,見られる。,ある。
test76,s4,s2,0.23,13,3,する。,入る。,伝わっている。,出土している。
test76,s3,s2,0.23,13,3,する。,入る。,伝わっている。,出土している。
test76,s3,s2,0.23,13,3,する。,入る。,伝わっている。,出土している。
test76,s1,s2,0.23,13,3,する。,入る。,伝わっている。,出土している。
test76,s3,s2,0.23,13,3,する。,入る。,伝わっている。,出土している。
test77,s3,s3,0.50,12,6,移築されることもあった。,称した。,移された。,禁じられている。
test77,s3,s3,0.50,12,6,移築されることもあった。,称した。,移された。,禁じられている。
test77,s3,s3,0.50,12,6,移築されることもあった。,称した。,移された。,禁じられている。
test77,s2,s3,0.50,12,6,移築されることもあった。,称した。,移された。,禁じられている。
test77,s3,s3,0.50,12,6,移築されることもあった。,称した。,移された。,禁じられている。
test78,s3,s3,0.86,7,6,知られる。,盛る。,確認されている。,示した。
test78,s3,s3,0.86,7,6,知られる。,盛る。,確認されている。,示した。
test78,s3,s3,0.86,7,6,知られる。,盛る。,確認されている。,示した。
test78,s3,s3,0.86,7,6,知られる。,盛る。,確認されている。,示した。
test78,s3,s3,0.86,7,6,知られる。,盛る。,確認されている。,示した。
test79,s4,s1,0.70,10,7,ある。,なる。,いう。,見られる。
test79,s4,s1,0.70,10,7,ある。,なる。,いう。,見られる。
test79,s4,s1,0.70,10,7,ある。,なる。,いう。,見られる。
test79,s4,s1,0.70,10,7,ある。,なる。,いう。,見られる。
test79,s4,s1,0.70,10,7,ある。,なる。,いう。,見られる。
test80,s1,s1,0.85,13,11,なっていった。,ねじる。,なしている。,できる。
test80,s3,s1,0.85,13,11,なっていった。,ねじる。,なしている。,できる。
test80,s1,s1,0.85,13,11,なっていった。,ねじる。,なしている。,できる。
test80,s1,s1,0.85,13,11,なっていった。,ねじる。,なしている。,できる。
test80,s1,s1,0.85,13,11,なっていった。,ねじる。,なしている。,できる。
test81,s2,s2,0.50,6,3,分割した。,分類できる。,分けられる。,利用される。
test81,s2,s2,0.50,6,3,分割した。,分類できる。,分けられる。,利用される。
test81,s2,s2,0.50,6,3,分割した。,分類できる。,分けられる。,利用される。
test81,s2,s2,0.50,6,3,分割した。,分類できる。,分けられる。,利用される。
test81,s2,s2,0.50,6,3,分割した。,分類できる。,分けられる。,利用される。
test82,s2,s1,0.33,3,1,指定されている。,指摘している。,指す。,持っている。
test82,s3,s1,0.33,3,1,指定されている。,指摘している。,指す。,持っている。
test82,s1,s1,0.33,3,1,指定されている。,指摘している。,指す。,持っている。
test82,s1,s1,0.33,3,1,指定されている。,指摘している。,指す。,持っている。
test82,s1,s1,0.33,3,1,指定されている。,指摘している。,指す。,持っている。
test83,s4,s3,0.46,13,6,見られる。,いう。,ある。,なる。
test83,s1,s3,0.46,13,6,見られる。,いう。,ある。,なる。
test83,s1,s3,0.46,13,6,見られる。,いう。,ある。,なる。
test83,s1,s3,0.46,13,6,見られる。,いう。,ある。,なる。
test83,s4,s3,0.46,13,6,見られる。,いう。,ある。,なる。
test84,s3,s3,1.00,11,11,死去していた。,機能した。,残らない。,求められるようになる。
test84,s3,s3,1.00,11,11,死去していた。,機能した。,残らない。,求められるようになる。
test84,s3,s3,1.00,11,11,死去していた。,機能した。,残らない。,求められるようになる。
test84,s2,s3,1.00,11,11,死去していた。,機能した。,残らない。,求められるようになる。
test84,s3,s3,1.00,11,11,死去していた。,機能した。,残らない。,求められるようになる。
test85,s4,s4,0.80,10,8,回復する。,増えた。,呼称される。,囲んでいる。
test85,s3,s4,0.80,10,8,回復する。,増えた。,呼称される。,囲んでいる。
test85,s4,s4,0.80,10,8,回復する。,増えた。,呼称される。,囲んでいる。
test85,s3,s4,0.80,10,8,回復する。,増えた。,呼称される。,囲んでいる。
test85,s4,s4,0.80,10,8,回復する。,増えた。,呼称される。,囲んでいる。
test86,s4,s2,0.45,11,5,伝わっている。,している。,行われる。,いわれる。
test86,s4,s2,0.45,11,5,伝わっている。,している。,行われる。,いわれる。
test86,s1,s2,0.45,11,5,伝わっている。,している。,行われる。,いわれる。
test86,s3,s2,0.45,11,5,伝わっている。,している。,行われる。,いわれる。
test86,s1,s2,0.45,11,5,伝わっている。,している。,行われる。,いわれる。
test87,s2,s2,0.86,7,6,造営された。,運営されていた。,造られている。,運搬された。
test87,s2,s2,0.86,7,6,造営された。,運営されていた。,造られている。,運搬された。
test87,s3,s2,0.86,7,6,造営された。,運営されていた。,造られている。,運搬された。
test87,s2,s2,0.86,7,6,造営された。,運営されていた。,造られている。,運搬された。
test87,s3,s2,0.86,7,6,造営された。,運営されていた。,造られている。,運搬された。
test88,s2,s1,0.62,13,8,上洛する。,与えた。,一新した。,もつ。
test88,s1,s1,0.62,13,8,上洛する。,与えた。,一新した。,もつ。
test88,s2,s1,0.62,13,8,上洛する。,与えた。,一新した。,もつ。
test88,s1,s1,0.62,13,8,上洛する。,与えた。,一新した。,もつ。
test88,s1,s1,0.62,13,8,上洛する。,与えた。,一新した。,もつ。
test89,s3,s4,0.43,7,3,伝えられる。,伺える。,位置づけられた。,位置する。
test89,s1,s4,0.43,7,3,伝えられる。,伺える。,位置づけられた。,位置する。
test89,s4,s4,0.43,7,3,伝えられる。,伺える。,位置づけられた。,位置する。
test89,s4,s4,0.43,7,3,伝えられる。,伺える。,位置づけられた。,位置する。
test89,s3,s4,0.43,7,3,伝えられる。,伺える。,位置づけられた。,位置する。
test90,s1,s2,0.43,7,3,見られる。,ある。,なる。,いう。
test90,s2,s2,0.43,7,3,見られる。,ある。,なる。,いう。
test90,s1,s2,0.43,7,3,見られる。,ある。,なる。,いう。
test90,s2,s2,0.43,7,3,見られる。,ある。,なる。,いう。
test90,s2,s2,0.43,7,3,見られる。,ある。,なる。,いう。
test91,s3,s3,0.63,8,5,立つ。,管理している。,築かれている。,納めることがある。
test91,s3,s3,0.63,8,5,立つ。,管理している。,築かれている。,納めることがある。
test91,s3,s3,0.63,8,5,立つ。,管理している。,築かれている。,納めることがある。
test91,s3,s3,0.63,8,5,立つ。,管理している。,築かれている。,納めることがある。
test91,s3,s3,0.63,8,5,立つ。,管理している。,築かれている。,納めることがある。
test92,s3,s3,1.00,11,11,いた。,言われている。,開く。,説いている。
test92,s2,s3,1.00,11,11,いた。,言われている。,開く。,説いている。
test92,s2,s3,1.00,11,11,いた。,言われている。,開く。,説いている。
test92,s3,s3,1.00,11,11,いた。,言われている。,開く。,説いている。
test92,s3,s3,1.00,11,11,いた。,言われている。,開く。,説いている。
test93,s1,s1,0.62,13,8,師事した。,尽力している。,展示している。,帰依します。
test93,s1,s1,0.62,13,8,師事した。,尽力している。,展示している。,帰依します。
test93,s3,s1,0.62,13,8,師事した。,尽力している。,展示している。,帰依します。
test93,s3,s1,0.62,13,8,師事した。,尽力している。,展示している。,帰依します。
test93,s1,s1,0.62,13,8,師事した。,尽力している。,展示している。,帰依します。
test94,s2,s4,0.62,13,8,紹介している。,継いだ。,経験した。,結んだ。
test94,s3,s4,0.62,13,8,紹介している。,継いだ。,経験した。,結んだ。
test94,s2,s4,0.62,13,8,紹介している。,継いだ。,経験した。,結んだ。
test94,s3,s4,0.62,13,8,紹介している。,継いだ。,経験した。,結んだ。
test94,s2,s4,0.62,13,8,紹介している。,継いだ。,経験した。,結んだ。
test95,s2,s1,1.00,11,11,なっている。,見られる。,いわれている。,あった。
test95,s1,s1,1.00,11,11,なっている。,見られる。,いわれている。,あった。
test95,s2,s1,1.00,11,11,なっている。,見られる。,いわれている。,あった。
test95,s1,s1,1.00,11,11,なっている。,見られる。,いわれている。,あった。
test95,s2,s1,1.00,11,11,なっている。,見られる。,いわれている。,あった。
test96,s2,s2,0.43,7,3,する。,伝わっている。,入る。,いわれる。
test96,s2,s2,0.43,7,3,する。,伝わっている。,入る。,いわれる。
test96,s2,s2,0.43,7,3,する。,伝わっている。,入る。,いわれる。
test96,s2,s2,0.43,7,3,する。,伝わっている。,入る。,いわれる。
test96,s2,s2,0.43,7,3,する。,伝わっている。,入る。,いわれる。
test97,s3,s3,0.60,5,3,考慮されている。,纏う。,考えられる。,置かれていた。
test97,s1,s3,0.60,5,3,考慮されている。,纏う。,考えられる。,置かれていた。
test97,s3,s3,0.60,5,3,考慮されている。,纏う。,考えられる。,置かれていた。
test97,s1,s3,0.60,5,3,考慮されている。,纏う。,考えられる。,置かれていた。
test97,s4,s3,0.60,5,3,考慮されている。,纏う。,考えられる。,置かれていた。
test98,s1,s1,0.42,12,5,献上された。,演奏される。,現れた。,点在するようになる。
test98,s4,s1,0.42,12,5,献上された。,演奏される。,現れた。,点在するようになる。
test98,s1,s1,0.42,12,5,献上された。,演奏される。,現れた。,点在するようになる。
test98,s4,s1,0.42,12,5,献上された。,演奏される。,現れた。,点在するようになる。
test98,s4,s1,0.42,12,5,献上された。,演奏される。,現れた。,点在するようになる。
test99,s2,s2,0.14,7,1,変えられた。,始まる。,存在する。,好んだ。
test99,s2,s2,0.14,7,1,変えられた。,始まる。,存在する。,好んだ。
test99,s2,s2,0.14,7,1,変えられた。,始まる。,存在する。,好んだ。
test99,s2,s2,0.14,7,1,変えられた。,始まる。,存在する。,好んだ。
test99,s2,s2,0.14,7,1,変えられた。,始まる。,存在する。,好んだ。
test100,s3,s3,0.14,7,1,亡くしたことになる。,付けられた。,伝えられている。,伺える。
test100,s3,s3,0.14,7,1,亡くしたことになる。,付けられた。,伝えられている。,伺える。
test100,s1,s3,0.14,7,1,亡くしたことになる。,付けられた。,伝えられている。,伺える。
test100,s1,s3,0.14,7,1,亡くしたことになる。,付けられた。,伝えられている。,伺える。
test100,s3,s3,0.14,7,1,亡くしたことになる。,付けられた。,伝えられている。,伺える。
test101,s1,s2,0.33,3,1,評価されるようになった。,読みつがれている。,調節できる。,認められることになる。
test101,s1,s2,0.33,3,1,評価されるようになった。,読みつがれている。,調節できる。,認められることになる。
test101,s1,s2,0.33,3,1,評価されるようになった。,読みつがれている。,調節できる。,認められることになる。
test101,s4,s2,0.33,3,1,評価されるようになった。,読みつがれている。,調節できる。,認められることになる。
test101,s4,s2,0.33,3,1,評価されるようになった。,読みつがれている。,調節できる。,認められることになる。
test102,s3,s1,0.55,11,6,分かれていた。,分割した。,出現した。,出来た。
test102,s1,s1,0.55,11,6,分かれていた。,分割した。,出現した。,出来た。
test102,s2,s1,0.55,11,6,分かれていた。,分割した。,出現した。,出来た。
test102,s1,s1,0.55,11,6,分かれていた。,分割した。,出現した。,出来た。
test102,s1,s1,0.55,11,6,分かれていた。,分割した。,出現した。,出来た。
test103,s1,s1,1.00,9,9,登場している。,皮肉られた。,登りやすくしている。,発見されている。
test103,s4,s1,1.00,9,9,登場している。,皮肉られた。,登りやすくしている。,発見されている。
test103,s1,s1,1.00,9,9,登場している。,皮肉られた。,登りやすくしている。,発見されている。
test103,s1,s1,1.00,9,9,登場している。,皮肉られた。,登りやすくしている。,発見されている。
test103,s1,s1,1.00,9,9,登場している。,皮肉られた。,登りやすくしている。,発見されている。
test104,s4,s4,1.00,6,6,名乗っていることがある。,向かい掛けた。,呼ばれている。,含まれることがある。
test104,s4,s4,1.00,6,6,名乗っていることがある。,向かい掛けた。,呼ばれている。,含まれることがある。
test104,s4,s4,1.00,6,6,名乗っていることがある。,向かい掛けた。,呼ばれている。,含まれることがある。
test104,s4,s4,1.00,6,6,名乗っていることがある。,向かい掛けた。,呼ばれている。,含まれることがある。
test104,s4,s4,1.00,6,6,名乗っていることがある。,向かい掛けた。,呼ばれている。,含まれることがある。
test105,s1,s4,0.77,13,10,移る。,移築されることもあった。,管理している。,立つ。
test105,s2,s4,0.77,13,10,移る。,移築されることもあった。,管理している。,立つ。
test105,s3,s4,0.77,13,10,移る。,移築されることもあった。,管理している。,立つ。
test105,s3,s4,0.77,13,10,移る。,移築されることもあった。,管理している。,立つ。
test105,s2,s4,0.77,13,10,移る。,移築されることもあった。,管理している。,立つ。
test106,s4,s4,1.00,5,5,消失した。,滅ぶことになる。,混在した。,溜めることもできる。
test106,s4,s4,1.00,5,5,消失した。,滅ぶことになる。,混在した。,溜めることもできる。
test106,s4,s4,1.00,5,5,消失した。,滅ぶことになる。,混在した。,溜めることもできる。
test106,s4,s4,1.00,5,5,消失した。,滅ぶことになる。,混在した。,溜めることもできる。
test106,s4,s4,1.00,5,5,消失した。,滅ぶことになる。,混在した。,溜めることもできる。
test107,s4,s1,0.14,7,1,置いた。,考えられている。,編纂された。,纏う。
test107,s2,s1,0.14,7,1,置いた。,考えられている。,編纂された。,纏う。
test107,s2,s1,0.14,7,1,置いた。,考えられている。,編纂された。,纏う。
test107,s2,s1,0.14,7,1,置いた。,考えられている。,編纂された。,纏う。
test107,s2,s1,0.14,7,1,置いた。,考えられている。,編纂された。,纏う。
test108,s3,s3,1.00,3,3,遺している。,都市化している。,遺構だとされる。,選定した。
test108,s3,s3,1.00,3,3,遺している。,都市化している。,遺構だとされる。,選定した。
test108,s3,s3,1.00,3,3,遺している。,都市化している。,遺構だとされる。,選定した。
test108,s3,s3,1.00,3,3,遺している。,都市化している。,遺構だとされる。,選定した。
test108,s3,s3,1.00,3,3,遺している。,都市化している。,遺構だとされる。,選定した。
test109,s3,s3,0.92,12,11,続ける。,経験した。,継いだ。,結んだ。
test109,s3,s3,0.92,12,11,続ける。,経験した。,継いだ。,結んだ。
test109,s3,s3,0.92,12,11,続ける。,経験した。,継いだ。,結んだ。
test109,s3,s3,0.92,12,11,続ける。,経験した。,継いだ。,結んだ。
test109,s3,s3,0.92,12,11,続ける。,経験した。,継いだ。,結んだ。
test110,s3,s3,0.50,8,4,向かい掛けた。,呼ばれている。,含める。,名乗っていることがある。
test110,s2,s3,0.50,8,4,向かい掛けた。,呼ばれている。,含める。,名乗っていることがある。
test110,s3,s3,0.50,8,4,向かい掛けた。,呼ばれている。,含める。,名乗っていることがある。
test110,s2,s3,0.50,8,4,向かい掛けた。,呼ばれている。,含める。,名乗っていることがある。
test110,s3,s3,0.50,8,4,向かい掛けた。,呼ばれている。,含める。,名乗っていることがある。
test111,s4,s3,0.25,12,3,なる。,あった。,いう。,見られる。
test111,s3,s3,0.25,12,3,なる。,あった。,いう。,見られる。
test111,s4,s3,0.25,12,3,なる。,あった。,いう。,見られる。
test111,s4,s3,0.25,12,3,なる。,あった。,いう。,見られる。
test111,s4,s3,0.25,12,3,なる。,あった。,いう。,見られる。
test112,s3,s4,0.60,10,6,言う。,親しまれている。,視された。,触れている。
test112,s2,s4,0.60,10,6,言う。,親しまれている。,視された。,触れている。
test112,s4,s4,0.60,10,6,言う。,親しまれている。,視された。,触れている。
test112,s2,s4,0.60,10,6,言う。,親しまれている。,視された。,触れている。
test112,s2,s4,0.60,10,6,言う。,親しまれている。,視された。,触れている。
test113,s1,s1,0.75,4,3,機能していた。,歴任した。,持っていた。,思われる。
test113,s1,s1,0.75,4,3,機能していた。,歴任した。,持っていた。,思われる。
test113,s1,s1,0.75,4,3,機能していた。,歴任した。,持っていた。,思われる。
test113,s1,s1,0.75,4,3,機能していた。,歴任した。,持っていた。,思われる。
test113,s1,s1,0.75,4,3,機能していた。,歴任した。,持っていた。,思われる。
test114,s4,s4,0.40,10,4,混在した。,滞在する。,溜めることもできる。,滅ぶことになる。
test114,s4,s4,0.40,10,4,混在した。,滞在する。,溜めることもできる。,滅ぶことになる。
test114,s4,s4,0.40,10,4,混在した。,滞在する。,溜めることもできる。,滅ぶことになる。
test114,s4,s4,0.40,10,4,混在した。,滞在する。,溜めることもできる。,滅ぶことになる。
test114,s2,s4,0.40,10,4,混在した。,滞在する。,溜めることもできる。,滅ぶことになる。
test115,s1,s2,0.20,5,1,登場している。,登りやすくしている。,異なる。,発見されている。
test115,s2,s2,0.20,5,1,登場している。,登りやすくしている。,異なる。,発見されている。
test115,s4,s2,0.20,5,1,登場している。,登りやすくしている。,異なる。,発見されている。
test115,s1,s2,0.20,5,1,登場している。,登りやすくしている。,異なる。,発見されている。
test115,s4,s2,0.20,5,1,登場している。,登りやすくしている。,異なる。,発見されている。
test116,s3,s4,0.33,9,3,推定されている。,振られている。,排除していた。,掛かろうとしている。
test116,s1,s4,0.33,9,3,推定されている。,振られている。,排除していた。,掛かろうとしている。
test116,s3,s4,0.33,9,3,推定されている。,振られている。,排除していた。,掛かろうとしている。
test116,s1,s4,0.33,9,3,推定されている。,振られている。,排除していた。,掛かろうとしている。
test116,s4,s4,0.33,9,3,推定されている。,振られている。,排除していた。,掛かろうとしている。
test117,s4,s4,0.67,3,2,師事した。,展示している。,広まった。,帰依します。
test117,s4,s4,0.67,3,2,師事した。,展示している。,広まった。,帰依します。
test117,s4,s4,0.67,3,2,師事した。,展示している。,広まった。,帰依します。
test117,s4,s4,0.67,3,2,師事した。,展示している。,広まった。,帰依します。
test117,s4,s4,0.67,3,2,師事した。,展示している。,広まった。,帰依します。
test118,s4,s4,0.36,11,4,点在する。,滅ぶことになる。,滞在する。,演奏される。
test118,s4,s4,0.36,11,4,点在する。,滅ぶことになる。,滞在する。,演奏される。
test118,s4,s4,0.36,11,4,点在する。,滅ぶことになる。,滞在する。,演奏される。
test118,s4,s4,0.36,11,4,点在する。,滅ぶことになる。,滞在する。,演奏される。
test118,s4,s4,0.36,11,4,点在する。,滅ぶことになる。,滞在する。,演奏される。
test119,s1,s1,1.00,11,11,感じる。,想定される。,意味していた。,感得した。
test119,s1,s1,1.00,11,11,感じる。,想定される。,意味していた。,感得した。
test119,s1,s1,1.00,11,11,感じる。,想定される。,意味していた。,感得した。
test119,s1,s1,1.00,11,11,感じる。,想定される。,意味していた。,感得した。
test119,s1,s1,1.00,11,11,感じる。,想定される。,意味していた。,感得した。
test120,s3,s1,0.13,8,1,見られる。,いわれている。,なっている。,あった。
test120,s3,s1,0.13,8,1,見られる。,いわれている。,なっている。,あった。
test120,s2,s1,0.13,8,1,見られる。,いわれている。,なっている。,あった。
test120,s2,s1,0.13,8,1,見られる。,いわれている。,なっている。,あった。
test120,s2,s1,0.13,8,1,見られる。,いわれている。,なっている。,あった。
test121,s1,s2,0.31,13,4,なる。,ある。,見られる。,いう。
test121,s4,s2,0.31,13,4,なる。,ある。,見られる。,いう。
test121,s2,s2,0.31,13,4,なる。,ある。,見られる。,いう。
test121,s4,s2,0.31,13,4,なる。,ある。,見られる。,いう。
test121,s2,s2,0.31,13,4,なる。,ある。,見られる。,いう。
test122,s4,s4,0.83,12,10,いわれている。,される。,呼ぶ。,呼ばれる。
test122,s1,s4,0.83,12,10,いわれている。,される。,呼ぶ。,呼ばれる。
test122,s4,s4,0.83,12,10,いわれている。,される。,呼ぶ。,呼ばれる。
test122,s4,s4,0.83,12,10,いわれている。,される。,呼ぶ。,呼ばれる。
test122,s4,s4,0.83,12,10,いわれている。,される。,呼ぶ。,呼ばれる。
test123,s3,s3,1.00,3,3,好んだ。,変えられた。,始まったとされている。,存在する。
test123,s3,s3,1.00,3,3,好んだ。,変えられた。,始まったとされている。,存在する。
test123,s3,s3,1.00,3,3,好んだ。,変えられた。,始まったとされている。,存在する。
test123,s3,s3,1.00,3,3,好んだ。,変えられた。,始まったとされている。,存在する。
test123,s3,s3,1.00,3,3,好んだ。,変えられた。,始まったとされている。,存在する。
test124,s4,s4,0.55,11,6,用いられる。,発見された。,生産している。,異なる。
test124,s4,s4,0.55,11,6,用いられる。,発見された。,生産している。,異なる。
test124,s2,s4,0.55,11,6,用いられる。,発見された。,生産している。,異なる。
test124,s2,s4,0.55,11,6,用いられる。,発見された。,生産している。,異なる。
test124,s4,s4,0.55,11,6,用いられる。,発見された。,生産している。,異なる。
test125,s3,s3,0.80,10,8,分けられる。,分割した。,分類される。,利用される。
test125,s3,s3,0.80,10,8,分けられる。,分割した。,分類される。,利用される。
test125,s3,s3,0.80,10,8,分けられる。,分割した。,分類される。,利用される。
test125,s3,s3,0.80,10,8,分けられる。,分割した。,分類される。,利用される。
test125,s1,s3,0.80,10,8,分けられる。,分割した。,分類される。,利用される。
test126,s4,s3,0.80,10,8,描いている。,掛かろうとしている。,推測されている。,推定されている。
test126,s4,s3,0.80,10,8,描いている。,掛かろうとしている。,推測されている。,推定されている。
test126,s4,s3,0.80,10,8,描いている。,掛かろうとしている。,推測されている。,推定されている。
test126,s4,s3,0.80,10,8,描いている。,掛かろうとしている。,推測されている。,推定されている。
test126,s3,s3,0.80,10,8,描いている。,掛かろうとしている。,推測されている。,推定されている。
test127,s1,s4,0.50,10,5,担当した。,投げた。,抜け出せていない。,担う。
test127,s1,s4,0.50,10,5,担当した。,投げた。,抜け出せていない。,担う。
test127,s1,s4,0.50,10,5,担当した。,投げた。,抜け出せていない。,担う。
test127,s1,s4,0.50,10,5,担当した。,投げた。,抜け出せていない。,担う。
test127,s1,s4,0.50,10,5,担当した。,投げた。,抜け出せていない。,担う。
test128,s1,s1,0.50,4,2,勤める。,励んだ。,厳しくなる。,加えられている。
test128,s2,s1,0.50,4,2,勤める。,励んだ。,厳しくなる。,加えられている。
test128,s2,s1,0.50,4,2,勤める。,励んだ。,厳しくなる。,加えられている。
test128,s2,s1,0.50,4,2,勤める。,励んだ。,厳しくなる。,加えられている。
test128,s2,s1,0.50,4,2,勤める。,励んだ。,厳しくなる。,加えられている。
test129,s2,s4,0.14,7,1,いう。,あった。,見られる。,なった。
test129,s3,s4,0.14,7,1,いう。,あった。,見られる。,なった。
test129,s3,s4,0.14,7,1,いう。,あった。,見られる。,なった。
test129,s1,s4,0.14,7,1,いう。,あった。,見られる。,なった。
test129,s3,s4,0.14,7,1,いう。,あった。,見られる。,なった。
test130,s4,s2,0.25,12,3,引き渡す。,広報している。,帰依します。,広まった。
test130,s4,s2,0.25,12,3,引き渡す。,広報している。,帰依します。,広まった。
test130,s4,s2,0.25,12,3,引き渡す。,広報している。,帰依します。,広まった。
test130,s4,s2,0.25,12,3,引き渡す。,広報している。,帰依します。,広まった。
test130,s4,s2,0.25,12,3,引き渡す。,広報している。,帰依します。,広まった。
test131,s4,s4,0.50,8,4,買い上げてくれた。,講義する。,貢献した。,販売されていた。
test131,s4,s4,0.50,8,4,買い上げてくれた。,講義する。,貢献した。,販売されていた。
test131,s4,s4,0.50,8,4,買い上げてくれた。,講義する。,貢献した。,販売されていた。
test131,s4,s4,0.50,8,4,買い上げてくれた。,講義する。,貢献した。,販売されていた。
test131,s4,s4,0.50,8,4,買い上げてくれた。,講義する。,貢献した。,販売されていた。
test132,s2,s2,0.31,13,4,使用される。,供える。,使われている。,促した。
test132,s2,s2,0.31,13,4,使用される。,供える。,使われている。,促した。
test132,s2,s2,0.31,13,4,使用される。,供える。,使われている。,促した。
test132,s2,s2,0.31,13,4,使用される。,供える。,使われている。,促した。
test132,s2,s2,0.31,13,4,使用される。,供える。,使われている。,促した。
test133,s1,s4,0.27,11,3,触れている。,訛った。,言える。,記される。
test133,s3,s4,0.27,11,3,触れている。,訛った。,言える。,記される。
test133,s1,s4,0.27,11,3,触れている。,訛った。,言える。,記される。
test133,s1,s4,0.27,11,3,触れている。,訛った。,言える。,記される。
test133,s4,s4,0.27,11,3,触れている。,訛った。,言える。,記される。
test134,s3,s3,1.00,13,13,見られる。,いう。,ある。,なる。
test134,s1,s3,1.00,13,13,見られる。,いう。,ある。,なる。
test134,s1,s3,1.00,13,13,見られる。,いう。,ある。,なる。
test134,s1,s3,1.00,13,13,見られる。,いう。,ある。,なる。
test134,s1,s3,1.00,13,13,見られる。,いう。,ある。,なる。
test135,s1,s3,0.56,9,5,就任した。,展示している。,尽力している。,就かせていただきます。
test135,s1,s3,0.56,9,5,就任した。,展示している。,尽力している。,就かせていただきます。
test135,s1,s3,0.56,9,5,就任した。,展示している。,尽力している。,就かせていただきます。
test135,s1,s3,0.56,9,5,就任した。,展示している。,尽力している。,就かせていただきます。
test135,s1,s3,0.56,9,5,就任した。,展示している。,尽力している。,就かせていただきます。
test136,s3,s3,1.00,9,9,なる。,いう。,ある。,見られる。
test136,s3,s3,1.00,9,9,なる。,いう。,ある。,見られる。
test136,s3,s3,1.00,9,9,なる。,いう。,ある。,見られる。
test136,s3,s3,1.00,9,9,なる。,いう。,ある。,見られる。
test136,s3,s3,1.00,9,9,なる。,いう。,ある。,見られる。
test137,s2,s2,0.77,13,10,想定される。,意味していた。,恵まれていた。,感じる。
test137,s2,s2,0.77,13,10,想定される。,意味していた。,恵まれていた。,感じる。
test137,s2,s2,0.77,13,10,想定される。,意味していた。,恵まれていた。,感じる。
test137,s2,s2,0.77,13,10,想定される。,意味していた。,恵まれていた。,感じる。
test137,s1,s2,0.77,13,10,想定される。,意味していた。,恵まれていた。,感じる。
test138,s3,s3,0.42,12,5,集中させる。,鑑賞できる。,開催されている。,開かれた。
test138,s3,s3,0.42,12,5,集中させる。,鑑賞できる。,開催されている。,開かれた。
test138,s2,s3,0.42,12,5,集中させる。,鑑賞できる。,開催されている。,開かれた。
test138,s4,s3,0.42,12,5,集中させる。,鑑賞できる。,開催されている。,開かれた。
test138,s3,s3,0.42,12,5,集中させる。,鑑賞できる。,開催されている。,開かれた。
test139,s1,s4,0.50,2,1,呼ぶ。,される。,行う。,称される。
test139,s1,s4,0.50,2,1,呼ぶ。,される。,行う。,称される。
test139,s4,s4,0.50,2,1,呼ぶ。,される。,行う。,称される。
test139,s2,s4,0.50,2,1,呼ぶ。,される。,行う。,称される。
test139,s2,s4,0.50,2,1,呼ぶ。,される。,行う。,称される。
test140,s1,s4,0.23,13,3,される。,いわれている。,称される。,呼ぶ。
test140,s4,s4,0.23,13,3,される。,いわれている。,称される。,呼ぶ。
test140,s4,s4,0.23,13,3,される。,いわれている。,称される。,呼ぶ。
test140,s1,s4,0.23,13,3,される。,いわれている。,称される。,呼ぶ。
test140,s3,s4,0.23,13,3,される。,いわれている。,称される。,呼ぶ。
test141,s3,s1,0.18,11,2,行われている。,考慮されている。,至った。,表す。
test141,s1,s1,0.18,11,2,行われている。,考慮されている。,至った。,表す。
test141,s1,s1,0.18,11,2,行われている。,考慮されている。,至った。,表す。
test141,s3,s1,0.18,11,2,行われている。,考慮されている。,至った。,表す。
test141,s1,s1,0.18,11,2,行われている。,考慮されている。,至った。,表す。
test142,s3,s3,0.91,11,10,なっていった。,なしている。,ねじる。,みられる。
test142,s3,s3,0.91,11,10,なっていった。,なしている。,ねじる。,みられる。
test142,s3,s3,0.91,11,10,なっていった。,なしている。,ねじる。,みられる。
test142,s3,s3,0.91,11,10,なっていった。,なしている。,ねじる。,みられる。
test142,s3,s3,0.91,11,10,なっていった。,なしている。,ねじる。,みられる。
test143,s4,s4,0.55,11,6,存在する。,存続していた。,定める。,学んだ。
test143,s4,s4,0.55,11,6,存在する。,存続していた。,定める。,学んだ。
test143,s4,s4,0.55,11,6,存在する。,存続していた。,定める。,学んだ。
test143,s1,s4,0.55,11,6,存在する。,存続していた。,定める。,学んだ。
test143,s4,s4,0.55,11,6,存在する。,存続していた。,定める。,学んだ。
test144,s4,s2,0.45,11,5,あった。,なっている。,いう。,見られる。
test144,s3,s2,0.45,11,5,あった。,なっている。,いう。,見られる。
test144,s1,s2,0.45,11,5,あった。,なっている。,いう。,見られる。
test144,s4,s2,0.45,11,5,あった。,なっている。,いう。,見られる。
test144,s2,s2,0.45,11,5,あった。,なっている。,いう。,見られる。
test145,s2,s2,1.00,12,12,いう。,ある。,見られる。,なる。
test145,s2,s2,1.00,12,12,いう。,ある。,見られる。,なる。
test145,s3,s2,1.00,12,12,いう。,ある。,見られる。,なる。
test145,s2,s2,1.00,12,12,いう。,ある。,見られる。,なる。
test145,s2,s2,1.00,12,12,いう。,ある。,見られる。,なる。
test146,s4,s4,0.70,10,7,勤める。,励んだ。,収める。,厳しくなる。
test146,s4,s4,0.70,10,7,勤める。,励んだ。,収める。,厳しくなる。
test146,s4,s4,0.70,10,7,勤める。,励んだ。,収める。,厳しくなる。
test146,s4,s4,0.70,10,7,勤める。,励んだ。,収める。,厳しくなる。
test146,s4,s4,0.70,10,7,勤める。,励んだ。,収める。,厳しくなる。
test147,s4,s1,0.83,12,10,行う。,呼ぶ。,称される。,いわれる。
test147,s4,s1,0.83,12,10,行う。,呼ぶ。,称される。,いわれる。
test147,s4,s1,0.83,12,10,行う。,呼ぶ。,称される。,いわれる。
test147,s4,s1,0.83,12,10,行う。,呼ぶ。,称される。,いわれる。
test147,s4,s1,0.83,12,10,行う。,呼ぶ。,称される。,いわれる。
test148,s4,s4,1.00,9,9,さす。,することもある。,ついた。,たどり着かない。
test148,s4,s4,1.00,9,9,さす。,することもある。,ついた。,たどり着かない。
test148,s4,s4,1.00,9,9,さす。,することもある。,ついた。,たどり着かない。
test148,s4,s4,1.00,9,9,さす。,することもある。,ついた。,たどり着かない。
test148,s3,s4,1.00,9,9,さす。,することもある。,ついた。,たどり着かない。
test149,s1,s1,0.50,12,6,広まった。,師事した。,広報している。,帰依します。
test149,s2,s1,0.50,12,6,広まった。,師事した。,広報している。,帰依します。
test149,s1,s1,0.50,12,6,広まった。,師事した。,広報している。,帰依します。
test149,s2,s1,0.50,12,6,広まった。,師事した。,広報している。,帰依します。
test149,s1,s1,0.50,12,6,広まった。,師事した。,広報している。,帰依します。
test150,s2,s2,0.90,10,9,盛る。,知られている。,確認されている。,皮肉られた。
test150,s2,s2,0.90,10,9,盛る。,知られている。,確認されている。,皮肉られた。
test150,s2,s2,0.90,10,9,盛る。,知られている。,確認されている。,皮肉られた。
test150,s2,s2,0.90,10,9,盛る。,知られている。,確認されている。,皮肉られた。
test150,s2,s2,0.90,10,9,盛る。,知られている。,確認されている。,皮肉られた。
test151,s1,s4,0.67,9,6,指す。,担当した。,担う。,持たない。
test151,s4,s4,0.67,9,6,指す。,担当した。,担う。,持たない。
test151,s1,s4,0.67,9,6,指す。,担当した。,担う。,持たない。
test151,s4,s4,0.67,9,6,指す。,担当した。,担う。,持たない。
test151,s4,s4,0.67,9,6,指す。,担当した。,担う。,持たない。
test152,s4,s2,1.00,7,7,される。,称される。,行う。,呼ぶ。
test152,s4,s2,1.00,7,7,される。,称される。,行う。,呼ぶ。
test152,s2,s2,1.00,7,7,される。,称される。,行う。,呼ぶ。
test152,s2,s2,1.00,7,7,される。,称される。,行う。,呼ぶ。
test152,s2,s2,1.00,7,7,される。,称される。,行う。,呼ぶ。
test153,s2,s2,0.27,11,3,いわれる。,伝わっている。,する。,入る。
test153,s2,s2,0.27,11,3,いわれる。,伝わっている。,する。,入る。
test153,s1,s2,0.27,11,3,いわれる。,伝わっている。,する。,入る。
test153,s2,s2,0.27,11,3,いわれる。,伝わっている。,する。,入る。
test153,s1,s2,0.27,11,3,いわれる。,伝わっている。,する。,入る。
test154,s1,s3,0.50,8,4,見られる。,あった。,なる。,いわれている。
test154,s1,s3,0.50,8,4,見られる。,あった。,なる。,いわれている。
test154,s2,s3,0.50,8,4,見られる。,あった。,なる。,いわれている。
test154,s3,s3,0.50,8,4,見られる。,あった。,なる。,いわれている。
test154,s3,s3,0.50,8,4,見られる。,あった。,なる。,いわれている。
test155,s1,s1,0.40,5,2,集中している。,開かれた。,露出している。,開催されている。
test155,s1,s1,0.40,5,2,集中している。,開かれた。,露出している。,開催されている。
test155,s1,s1,0.40,5,2,集中している。,開かれた。,露出している。,開催されている。
test155,s1,s1,0.40,5,2,集中している。,開かれた。,露出している。,開催されている。
test155,s1,s1,0.40,5,2,集中している。,開かれた。,露出している。,開催されている。
test156,s3,s4,0.33,12,4,生まれた。,説いている。,見ることができる。,言われている。
test156,s4,s4,0.33,12,4,生まれた。,説いている。,見ることができる。,言われている。
test156,s3,s4,0.33,12,4,生まれた。,説いている。,見ることができる。,言われている。
test156,s3,s4,0.33,12,4,生まれた。,説いている。,見ることができる。,言われている。
test156,s3,s4,0.33,12,4,生まれた。,説いている。,見ることができる。,言われている。
test157,s1,s1,0.33,9,3,持っている。,担う。,担当した。,指す。
test157,s1,s1,0.33,9,3,持っている。,担う。,担当した。,指す。
test157,s1,s1,0.33,9,3,持っている。,担う。,担当した。,指す。
test157,s1,s1,0.33,9,3,持っている。,担う。,担当した。,指す。
test157,s3,s1,0.33,9,3,持っている。,担う。,担当した。,指す。
test158,s1,s1,0.20,5,1,呼ばれている。,含める。,呼称される。,向かい掛けた。
test158,s1,s1,0.20,5,1,呼ばれている。,含める。,呼称される。,向かい掛けた。
test158,s1,s1,0.20,5,1,呼ばれている。,含める。,呼称される。,向かい掛けた。
test158,s1,s1,0.20,5,1,呼ばれている。,含める。,呼称される。,向かい掛けた。
test158,s1,s1,0.20,5,1,呼ばれている。,含める。,呼称される。,向かい掛けた。
test159,s1,s1,0.23,13,3,発見されている。,登りやすくしている。,用いられる。,異なる。
test159,s1,s1,0.23,13,3,発見されている。,登りやすくしている。,用いられる。,異なる。
test159,s1,s1,0.23,13,3,発見されている。,登りやすくしている。,用いられる。,異なる。
test159,s3,s1,0.23,13,3,発見されている。,登りやすくしている。,用いられる。,異なる。
test159,s1,s1,0.23,13,3,発見されている。,登りやすくしている。,用いられる。,異なる。
test160,s1,s3,0.40,10,4,置かれていた。,至った。,考慮されている。,考えられる。
test160,s4,s3,0.40,10,4,置かれていた。,至った。,考慮されている。,考えられる。
test160,s1,s3,0.40,10,4,置かれていた。,至った。,考慮されている。,考えられる。
test160,s4,s3,0.40,10,4,置かれていた。,至った。,考慮されている。,考えられる。
test160,s1,s3,0.40,10,4,置かれていた。,至った。,考慮されている。,考えられる。
test161,s3,s3,1.00,11,11,引き渡す。,広報している。,彫られる。,後押しした。
test161,s3,s3,1.00,11,11,引き渡す。,広報している。,彫られる。,後押しした。
test161,s3,s3,1.00,11,11,引き渡す。,広報している。,彫られる。,後押しした。
test161,s3,s3,1.00,11,11,引き渡す。,広報している。,彫られる。,後押しした。
test161,s3,s3,1.00,11,11,引き渡す。,広報している。,彫られる。,後押しした。
test162,s1,s4,0.14,7,1,利用することができる。,制定した。,加えられている。,創刊される。
test162,s1,s4,0.14,7,1,利用することができる。,制定した。,加えられている。,創刊される。
test162,s2,s4,0.14,7,1,利用することができる。,制定した。,加えられている。,創刊される。
test162,s1,s4,0.14,7,1,利用することができる。,制定した。,加えられている。,創刊される。
test162,s1,s4,0.14,7,1,利用することができる。,制定した。,加えられている。,創刊される。
test163,s3,s1,0.10,10,1,される。,見られる。,いわれている。,呼ばれる。
test163,s3,s1,0.10,10,1,される。,見られる。,いわれている。,呼ばれる。
test163,s4,s1,0.10,10,1,される。,見られる。,いわれている。,呼ばれる。
test163,s4,s1,0.10,10,1,される。,見られる。,いわれている。,呼ばれる。
test163,s4,s1,0.10,10,1,される。,見られる。,いわれている。,呼ばれる。
test164,s3,s4,0.80,5,4,就任した。,師事した。,尽力している。,展示している。
test164,s4,s4,0.80,5,4,就任した。,師事した。,尽力している。,展示している。
test164,s1,s4,0.80,5,4,就任した。,師事した。,尽力している。,展示している。
test164,s2,s4,0.80,5,4,就任した。,師事した。,尽力している。,展示している。
test164,s3,s4,0.80,5,4,就任した。,師事した。,尽力している。,展示している。
test165,s3,s3,0.40,10,4,生産している。,発見された。,異なっている。,用いられる。
test165,s3,s3,0.40,10,4,生産している。,発見された。,異なっている。,用いられる。
test165,s3,s3,0.40,10,4,生産している。,発見された。,異なっている。,用いられる。
test165,s3,s3,0.40,10,4,生産している。,発見された。,異なっている。,用いられる。
test165,s2,s3,0.40,10,4,生産している。,発見された。,異なっている。,用いられる。
test166,s1,s3,1.00,5,5,至った。,行われている。,表す。,衰退しつつある。
test166,s1,s3,1.00,5,5,至った。,行われている。,表す。,衰退しつつある。
test166,s3,s3,1.00,5,5,至った。,行われている。,表す。,衰退しつつある。
test166,s2,s3,1.00,5,5,至った。,行われている。,表す。,衰退しつつある。
test166,s3,s3,1.00,5,5,至った。,行われている。,表す。,衰退しつつある。
test167,s2,s2,0.29,7,2,いう。,あった。,なる。,見られる。
test167,s1,s2,0.29,7,2,いう。,あった。,なる。,見られる。
test167,s2,s2,0.29,7,2,いう。,あった。,なる。,見られる。
test167,s2,s2,0.29,7,2,いう。,あった。,なる。,見られる。
test167,s3,s2,0.29,7,2,いう。,あった。,なる。,見られる。
test168,s2,s2,0.92,13,12,受けなければならなくなった。,名乗っていることがある。,取り組まれた。,向かい掛けた。
test168,s3,s2,0.92,13,12,受けなければならなくなった。,名乗っていることがある。,取り組まれた。,向かい掛けた。
test168,s2,s2,0.92,13,12,受けなければならなくなった。,名乗っていることがある。,取り組まれた。,向かい掛けた。
test168,s3,s2,0.92,13,12,受けなければならなくなった。,名乗っていることがある。,取り組まれた。,向かい掛けた。
test168,s2,s2,0.92,13,12,受けなければならなくなった。,名乗っていることがある。,取り組まれた。,向かい掛けた。
test169,s1,s4,0.22,9,2,許す。,評価されるようになった。,読みつがれている。,認められることになる。
test169,s4,s4,0.22,9,2,許す。,評価されるようになった。,読みつがれている。,認められることになる。
test169,s1,s4,0.22,9,2,許す。,評価されるようになった。,読みつがれている。,認められることになる。
test169,s1,s4,0.22,9,2,許す。,評価されるようになった。,読みつがれている。,認められることになる。
test169,s4,s4,0.22,9,2,許す。,評価されるようになった。,読みつがれている。,認められることになる。
test170,s2,s2,1.00,12,12,なる。,ある。,見られる。,いう。
test170,s3,s2,1.00,12,12,なる。,ある。,見られる。,いう。
test170,s2,s2,1.00,12,12,なる。,ある。,見られる。,いう。
test170,s2,s2,1.00,12,12,なる。,ある。,見られる。,いう。
test170,s3,s2,1.00,12,12,なる。,ある。,見られる。,いう。
test171,s4,s4,0.54,13,7,生まれ変わりであるとしている。,生じた。,現存する。,生まれる。
test171,s1,s4,0.54,13,7,生まれ変わりであるとしている。,生じた。,現存する。,生まれる。
test171,s1,s4,0.54,13,7,生まれ変わりであるとしている。,生じた。,現存する。,生まれる。
test171,s1,s4,0.54,13,7,生まれ変わりであるとしている。,生じた。,現存する。,生まれる。
test171,s3,s4,0.54,13,7,生まれ変わりであるとしている。,生じた。,現存する。,生まれる。
test172,s1,s1,0.55,11,6,後押しした。,得ることになる。,彫られる。,引き渡す。
test172,s1,s1,0.55,11,6,後押しした。,得ることになる。,彫られる。,引き渡す。
test172,s1,s1,0.55,11,6,後押しした。,得ることになる。,彫られる。,引き渡す。
test172,s1,s1,0.55,11,6,後押しした。,得ることになる。,彫られる。,引き渡す。
test172,s1,s1,0.55,11,6,後押しした。,得ることになる。,彫られる。,引き渡す。
test173,s2,s2,0.75,8,6,位置する。,使う。,位置づけられた。,使用される。
test173,s4,s2,0.75,8,6,位置する。,使う。,位置づけられた。,使用される。
test173,s4,s2,0.75,8,6,位置する。,使う。,位置づけられた。,使用される。
test173,s2,s2,0.75,8,6,位置する。,使う。,位置づけられた。,使用される。
test173,s4,s2,0.75,8,6,位置する。,使う。,位置づけられた。,使用される。
test174,s4,s4,0.40,10,4,みられる。,みられるようになってきた。,もつ。,もたらす。
test174,s2,s4,0.40,10,4,みられる。,みられるようになってきた。,もつ。,もたらす。
test174,s4,s4,0.40,10,4,みられる。,みられるようになってきた。,もつ。,もたらす。
test174,s3,s4,0.40,10,4,みられる。,みられるようになってきた。,もつ。,もたらす。
test174,s1,s4,0.40,10,4,みられる。,みられるようになってきた。,もつ。,もたらす。
test175,s4,s1,0.33,6,2,ある。,なる。,見られる。,いう。
test175,s1,s1,0.33,6,2,ある。,なる。,見られる。,いう。
test175,s4,s1,0.33,6,2,ある。,なる。,見られる。,いう。
test175,s3,s1,0.33,6,2,ある。,なる。,見られる。,いう。
test175,s2,s1,0.33,6,2,ある。,なる。,見られる。,いう。
test176,s3,s3,0.17,6,1,指摘している。,排除していた。,振られている。,指定されている。
test176,s3,s3,0.17,6,1,指摘している。,排除していた。,振られている。,指定されている。
test176,s4,s3,0.17,6,1,指摘している。,排除していた。,振られている。,指定されている。
test176,s4,s3,0.17,6,1,指摘している。,排除していた。,振られている。,指定されている。
test176,s4,s3,0.17,6,1,指摘している。,排除していた。,振られている。,指定されている。
test177,s4,s2,1.00,6,6,なる。,ある。,いう。,見られる。
test177,s2,s2,1.00,6,6,なる。,ある。,いう。,見られる。
test177,s2,s2,1.00,6,6,なる。,ある。,いう。,見られる。
test177,s2,s2,1.00,6,6,なる。,ある。,いう。,見られる。
test177,s2,s2,1.00,6,6,なる。,ある。,いう。,見られる。
test178,s3,s3,0.11,9,1,認められることになる。,講じた。,調節できる。,読みつがれている。
test178,s3,s3,0.11,9,1,認められることになる。,講じた。,調節できる。,読みつがれている。
test178,s3,s3,0.11,9,1,認められることになる。,講じた。,調節できる。,読みつがれている。
test178,s3,s3,0.11,9,1,認められることになる。,講じた。,調節できる。,読みつがれている。
test178,s3,s3,0.11,9,1,認められることになる。,講じた。,調節できる。,読みつがれている。
test179,s1,s4,0.43,7,3,定着した。,就かせていただきます。,定める。,寄せている。
test179,s4,s4,0.43,7,3,定着した。,就かせていただきます。,定める。,寄せている。
test179,s4,s4,0.43,7,3,定着した。,就かせていただきます。,定める。,寄せている。
test179,s4,s4,0.43,7,3,定着した。,就かせていただきます。,定める。,寄せている。
test179,s4,s4,0.43,7,3,定着した。,就かせていただきます。,定める。,寄せている。
test180,s3,s3,0.63,8,5,表す。,衰退しつつある。,見られている。,視された。
test180,s3,s3,0.63,8,5,表す。,衰退しつつある。,見られている。,視された。
test180,s3,s3,0.63,8,5,表す。,衰退しつつある。,見られている。,視された。
test180,s3,s3,0.63,8,5,表す。,衰退しつつある。,見られている。,視された。
test180,s3,s3,0.63,8,5,表す。,衰退しつつある。,見られている。,視された。
test181,s4,s4,1.00,12,12,いわれている。,される。,称される。,呼ばれる。
test181,s1,s4,1.00,12,12,いわれている。,される。,称される。,呼ばれる。
test181,s4,s4,1.00,12,12,いわれている。,される。,称される。,呼ばれる。
test181,s1,s4,1.00,12,12,いわれている。,される。,称される。,呼ばれる。
test181,s1,s4,1.00,12,12,いわれている。,される。,称される。,呼ばれる。
test182,s3,s4,0.80,10,8,増えた。,増やしていった。,好まれた。,変えられた。
test182,s4,s4,0.80,10,8,増えた。,増やしていった。,好まれた。,変えられた。
test182,s2,s4,0.80,10,8,増えた。,増やしていった。,好まれた。,変えられた。
test182,s2,s4,0.80,10,8,増えた。,増やしていった。,好まれた。,変えられた。
test182,s3,s4,0.80,10,8,増えた。,増やしていった。,好まれた。,変えられた。
test183,s2,s2,0.50,4,2,呼ばれていた。,学ぶ。,受けた。,安置されている。
test183,s2,s2,0.50,4,2,呼ばれていた。,学ぶ。,受けた。,安置されている。
test183,s3,s2,0.50,4,2,呼ばれていた。,学ぶ。,受けた。,安置されている。
test183,s4,s2,0.50,4,2,呼ばれていた。,学ぶ。,受けた。,安置されている。
test183,s3,s2,0.50,4,2,呼ばれていた。,学ぶ。,受けた。,安置されている。
test184,s4,s4,0.82,11,9,機能した。,更迭されていた。,明記されている。,栽培される。
test184,s3,s4,0.82,11,9,機能した。,更迭されていた。,明記されている。,栽培される。
test184,s4,s4,0.82,11,9,機能した。,更迭されていた。,明記されている。,栽培される。
test184,s3,s4,0.82,11,9,機能した。,更迭されていた。,明記されている。,栽培される。
test184,s4,s4,0.82,11,9,機能した。,更迭されていた。,明記されている。,栽培される。
test185,s1,s1,0.62,13,8,安置されている。,廃止された。,学ぶ。,呼ばれていた。
test185,s1,s1,0.62,13,8,安置されている。,廃止された。,学ぶ。,呼ばれていた。
test185,s1,s1,0.62,13,8,安置されている。,廃止された。,学ぶ。,呼ばれていた。
test185,s1,s1,0.62,13,8,安置されている。,廃止された。,学ぶ。,呼ばれていた。
test185,s1,s1,0.62,13,8,安置されている。,廃止された。,学ぶ。,呼ばれていた。
test186,s2,s4,0.50,2,1,言われている。,説いている。,いた。,開く。
test186,s1,s4,0.50,2,1,言われている。,説いている。,いた。,開く。
test186,s1,s4,0.50,2,1,言われている。,説いている。,いた。,開く。
test186,s1,s4,0.50,2,1,言われている。,説いている。,いた。,開く。
test186,s2,s4,0.50,2,1,言われている。,説いている。,いた。,開く。
test187,s4,s4,1.00,9,9,向かい掛けた。,含める。,呼称される。,呼ぶことがある。
test187,s4,s4,1.00,9,9,向かい掛けた。,含める。,呼称される。,呼ぶことがある。
test187,s3,s4,1.00,9,9,向かい掛けた。,含める。,呼称される。,呼ぶことがある。
test187,s4,s4,1.00,9,9,向かい掛けた。,含める。,呼称される。,呼ぶことがある。
test187,s4,s4,1.00,9,9,向かい掛けた。,含める。,呼称される。,呼ぶことがある。
test188,s1,s1,0.33,3,1,思われる。,持っていた。,廃止された。,安置されている。
test188,s4,s1,0.33,3,1,思われる。,持っていた。,廃止された。,安置されている。
test188,s3,s1,0.33,3,1,思われる。,持っていた。,廃止された。,安置されている。
test188,s3,s1,0.33,3,1,思われる。,持っていた。,廃止された。,安置されている。
test188,s4,s1,0.33,3,1,思われる。,持っていた。,廃止された。,安置されている。
test189,s4,s3,0.63,8,5,変えられた。,増やしていった。,好まれた。,始まったとされている。
test189,s3,s3,0.63,8,5,変えられた。,増やしていった。,好まれた。,始まったとされている。
test189,s3,s3,0.63,8,5,変えられた。,増やしていった。,好まれた。,始まったとされている。
test189,s3,s3,0.63,8,5,変えられた。,増やしていった。,好まれた。,始まったとされている。
test189,s3,s3,0.63,8,5,変えられた。,増やしていった。,好まれた。,始まったとされている。
test190,s1,s1,0.15,13,2,ある。,なる。,いう。,見られる。
test190,s4,s1,0.15,13,2,ある。,なる。,いう。,見られる。
test190,s1,s1,0.15,13,2,ある。,なる。,いう。,見られる。
test190,s1,s1,0.15,13,2,ある。,なる。,いう。,見られる。
test190,s4,s1,0.15,13,2,ある。,なる。,いう。,見られる。
test191,s2,s1,0.13,8,1,なる。,見られる。,あった。,いう。
test191,s1,s1,0.13,8,1,なる。,見られる。,あった。,いう。
test191,s3,s1,0.13,8,1,なる。,見られる。,あった。,いう。
test191,s1,s1,0.13,8,1,なる。,見られる。,あった。,いう。
test191,s2,s1,0.13,8,1,なる。,見られる。,あった。,いう。
test192,s2,s4,0.17,6,1,称される。,いわれている。,される。,呼ばれる。
test192,s2,s4,0.17,6,1,称される。,いわれている。,される。,呼ばれる。
test192,s2,s4,0.17,6,1,称される。,いわれている。,される。,呼ばれる。
test192,s2,s4,0.17,6,1,称される。,いわれている。,される。,呼ばれる。
test192,s2,s4,0.17,6,1,称される。,いわれている。,される。,呼ばれる。
test193,s3,s3,0.43,7,3,称された。,示した。,禁じられている。,祀られている。
test193,s4,s3,0.43,7,3,称された。,示した。,禁じられている。,祀られている。
test193,s4,s3,0.43,7,3,称された。,示した。,禁じられている。,祀られている。
test193,s3,s3,0.43,7,3,称された。,示した。,禁じられている。,祀られている。
test193,s3,s3,0.43,7,3,称された。,示した。,禁じられている。,祀られている。
test194,s2,s2,0.57,7,4,露出している。,集中させる。,開かれた。,開催されている。
test194,s4,s2,0.57,7,4,露出している。,集中させる。,開かれた。,開催されている。
test194,s2,s2,0.57,7,4,露出している。,集中させる。,開かれた。,開催されている。
test194,s4,s2,0.57,7,4,露出している。,集中させる。,開かれた。,開催されている。
test194,s2,s2,0.57,7,4,露出している。,集中させる。,開かれた。,開催されている。
test195,s4,s4,0.90,10,9,あった。,いう。,見られる。,なった。
test195,s1,s4,0.90,10,9,あった。,いう。,見られる。,なった。
test195,s4,s4,0.90,10,9,あった。,いう。,見られる。,なった。
test195,s4,s4,0.90,10,9,あった。,いう。,見られる。,なった。
test195,s2,s4,0.90,10,9,あった。,いう。,見られる。,なった。
test196,s2,s2,0.92,12,11,確認されている。,知られる。,盛る。,皮肉られた。
test196,s2,s2,0.92,12,11,確認されている。,知られる。,盛る。,皮肉られた。
test196,s1,s2,0.92,12,11,確認されている。,知られる。,盛る。,皮肉られた。
test196,s2,s2,0.92,12,11,確認されている。,知られる。,盛る。,皮肉られた。
test196,s1,s2,0.92,12,11,確認されている。,知られる。,盛る。,皮肉られた。
test197,s1,s1,0.50,8,4,続ける。,編纂された。,結んだ。,継いだ。
test197,s2,s1,0.50,8,4,続ける。,編纂された。,結んだ。,継いだ。
test197,s1,s1,0.50,8,4,続ける。,編纂された。,結んだ。,継いだ。
test197,s2,s1,0.50,8,4,続ける。,編纂された。,結んだ。,継いだ。
test197,s4,s1,0.50,8,4,続ける。,編纂された。,結んだ。,継いだ。
test198,s1,s4,0.90,10,9,見られる。,なる。,いう。,ある。
test198,s1,s4,0.90,10,9,見られる。,なる。,いう。,ある。
test198,s4,s4,0.90,10,9,見られる。,なる。,いう。,ある。
test198,s4,s4,0.90,10,9,見られる。,なる。,いう。,ある。
test198,s1,s4,0.90,10,9,見られる。,なる。,いう。,ある。
test199,s1,s1,0.90,10,9,ある。,なる。,見られる。,いう。
test199,s1,s1,0.90,10,9,ある。,なる。,見られる。,いう。
test199,s1,s1,0.90,10,9,ある。,なる。,見られる。,いう。
test199,s1,s1,0.90,10,9,ある。,なる。,見られる。,いう。
test199,s1,s1,0.90,10,9,ある。,なる。,見られる。,いう。
test200,s2,s2,0.86,7,6,出来た。,分けられる。,出現した。,分割した。
test200,s2,s2,0.86,7,6,出来た。,分けられる。,出現した。,分割した。
test200,s4,s2,0.86,7,6,出来た。,分けられる。,出現した。,分割した。
test200,s2,s2,0.86,7,6,出来た。,分けられる。,出現した。,分割した。
test200,s4,s2,0.86,7,6,出来た。,分けられる。,出現した。,分割した。